image,issue_type,reason,gt_index,pred_index,iou,gt_w,gt_h,gt_area_ratio,pred_w,pred_h,width_ratio,height_ratio,pred_conf,small_object,partial_candidate,crowded_candidate,max_person_overlap_iou
construction_image1000.jpeg,FP_person,예측 person이 있지만 정답 person과 매칭되지 않음,,1,0.0000,,,,188.99,350.01,,,0.5874,,,,
construction_image1004.jpg,Localization_Error,객체는 찾았지만 IoU가 낮아 박스 정밀도 부족,0,0,0.7234,212.09,308.92,0.159958,171.92,298.24,0.8106,0.9654,0.8960,False,False,False,0.0000
construction_image101.jpeg,Localization_Error,객체는 찾았지만 IoU가 낮아 박스 정밀도 부족,0,0,0.7339,123.29,238.41,0.071762,101.51,212.51,0.8234,0.8914,0.7286,False,False,False,0.0177
construction_image1033.jpg,FP_person,예측 person이 있지만 정답 person과 매칭되지 않음,,0,0.0000,,,,327.84,543.39,,,0.9175,,,,
construction_image1042.jpg,Partial_or_Truncated_Candidate,person 박스가 이미지 경계에 가까워 상반신/부분 가림 사례일 가능성,0,0,0.7738,339.25,540.40,0.447585,281.73,510.86,0.8305,0.9453,0.9009,False,True,False,0.0000
construction_image1068.jpg,Partial_or_Truncated_Candidate,person 박스가 이미지 경계에 가까워 상반신/부분 가림 사례일 가능성,0,0,0.8221,372.50,552.86,0.502784,319.26,540.23,0.8571,0.9771,0.9176,False,True,False,0.0000
construction_image1068.jpg,FP_person,예측 person이 있지만 정답 person과 매칭되지 않음,,1,0.0000,,,,288.61,554.77,,,0.7295,,,,
construction_image107.jpg,Localization_Error,객체는 찾았지만 IoU가 낮아 박스 정밀도 부족,0,0,0.7011,448.83,529.18,0.579863,324.88,517.14,0.7238,0.9773,0.7060,False,True,False,0.0000
construction_image107.jpg,Too_Narrow_Box,예측 박스가 정답 박스보다 과도하게 작음,0,0,0.7011,448.83,529.18,0.579863,324.88,517.14,0.7238,0.9773,0.7060,False,True,False,0.0000
construction_image107.jpg,Partial_or_Truncated_Candidate,person 박스가 이미지 경계에 가까워 상반신/부분 가림 사례일 가능성,0,0,0.7011,448.83,529.18,0.579863,324.88,517.14,0.7238,0.9773,0.7060,False,True,False,0.0000
construction_image1077.jpg,Localization_Error,객체는 찾았지만 IoU가 낮아 박스 정밀도 부족,0,0,0.6618,443.15,580.57,0.628124,296.46,590.02,0.6690,1.0163,0.8954,False,True,False,0.0000
construction_image1077.jpg,Too_Narrow_Box,예측 박스가 정답 박스보다 과도하게 작음,0,0,0.6618,443.15,580.57,0.628124,296.46,590.02,0.6690,1.0163,0.8954,False,True,False,0.0000
construction_image1077.jpg,Partial_or_Truncated_Candidate,person 박스가 이미지 경계에 가까워 상반신/부분 가림 사례일 가능성,0,0,0.6618,443.15,580.57,0.628124,296.46,590.02,0.6690,1.0163,0.8954,False,True,False,0.0000
construction_image1078.jpeg,FN_person,정답 person이 있지만 예측 person이 매칭되지 않음,0,,0.3697,321.25,601.35,0.471640,,,,,,False,True,True,0.3886
construction_image1078.jpeg,Partial_or_Truncated_Candidate,person 박스가 이미지 경계에 가까워 상반신/부분 가림 사례일 가능성,1,0,0.9106,382.34,594.29,0.554738,415.07,586.93,1.0856,0.9876,0.5000,False,True,True,0.3886
construction_image1078.jpeg,Crowded_or_Overlapped_Person,다른 person 박스와 겹침이 있어 작업자 겹침 사례일 가능성,1,0,0.9106,382.34,594.29,0.554738,415.07,586.93,1.0856,0.9876,0.5000,False,True,True,0.3886
construction_image1082.jpg,Partial_or_Truncated_Candidate,person 박스가 이미지 경계에 가까워 상반신/부분 가림 사례일 가능성,0,0,0.8087,374.16,601.07,0.549063,311.46,617.99,0.8324,1.0281,0.9427,False,True,False,0.0000
construction_image1094.jpg,Localization_Error,객체는 찾았지만 IoU가 낮아 박스 정밀도 부족,0,0,0.7085,314.59,562.43,0.431970,235.74,605.74,0.7494,1.0770,0.8908,False,False,False,0.0000
construction_image1094.jpg,Too_Narrow_Box,예측 박스가 정답 박스보다 과도하게 작음,0,0,0.7085,314.59,562.43,0.431970,235.74,605.74,0.7494,1.0770,0.8908,False,False,False,0.0000
construction_image1117.jpg,Localization_Error,객체는 찾았지만 IoU가 낮아 박스 정밀도 부족,0,0,0.5669,1019.57,590.29,0.765282,691.10,760.63,0.6778,1.2886,0.3810,False,True,False,0.0000
construction_image1117.jpg,Too_Wide_Box,예측 박스가 정답 박스보다 과도하게 큼,0,0,0.5669,1019.57,590.29,0.765282,691.10,760.63,0.6778,1.2886,0.3810,False,True,False,0.0000
construction_image1117.jpg,Too_Narrow_Box,예측 박스가 정답 박스보다 과도하게 작음,0,0,0.5669,1019.57,590.29,0.765282,691.10,760.63,0.6778,1.2886,0.3810,False,True,False,0.0000
construction_image1117.jpg,Partial_or_Truncated_Candidate,person 박스가 이미지 경계에 가까워 상반신/부분 가림 사례일 가능성,0,0,0.5669,1019.57,590.29,0.765282,691.10,760.63,0.6778,1.2886,0.3810,False,True,False,0.0000
construction_image1118.jpg,FN_person,정답 person이 있지만 예측 person이 매칭되지 않음,0,,0.1585,695.31,442.69,0.440108,,,,,,False,False,True,0.2207
construction_image1118.jpg,Localization_Error,객체는 찾았지만 IoU가 낮아 박스 정밀도 부족,1,0,0.6408,498.29,445.50,0.317399,468.50,666.88,0.9402,1.4969,0.5324,False,True,True,0.2207
construction_image1118.jpg,Too_Wide_Box,예측 박스가 정답 박스보다 과도하게 큼,1,0,0.6408,498.29,445.50,0.317399,468.50,666.88,0.9402,1.4969,0.5324,False,True,True,0.2207
construction_image1118.jpg,Partial_or_Truncated_Candidate,person 박스가 이미지 경계에 가까워 상반신/부분 가림 사례일 가능성,1,0,0.6408,498.29,445.50,0.317399,468.50,666.88,0.9402,1.4969,0.5324,False,True,True,0.2207
construction_image1118.jpg,Crowded_or_Overlapped_Person,다른 person 박스와 겹침이 있어 작업자 겹침 사례일 가능성,1,0,0.6408,498.29,445.50,0.317399,468.50,666.88,0.9402,1.4969,0.5324,False,True,True,0.2207
construction_image1122.jpg,FN_person,정답 person이 있지만 예측 person이 매칭되지 않음,0,,0.4422,421.42,374.98,0.226943,,,,,,False,False,True,0.1354
construction_image1122.jpg,FN_person,정답 person이 있지만 예측 person이 매칭되지 않음,1,,0.1338,124.30,172.09,0.030721,,,,,,False,False,True,0.1354
construction_image1122.jpg,FN_person,정답 person이 있지만 예측 person이 매칭되지 않음,2,,0.1536,189.63,187.49,0.051060,,,,,,False,False,True,0.1279
construction_image1122.jpg,FP_person,예측 person이 있지만 정답 person과 매칭되지 않음,,0,0.0000,,,,345.35,596.29,,,0.3915,,,,
construction_image1122.jpg,FP_person,예측 person이 있지만 정답 person과 매칭되지 않음,,1,0.0000,,,,280.74,569.50,,,0.3213,,,,
construction_image1126.jpg,Localization_Error,객체는 찾았지만 IoU가 낮아 박스 정밀도 부족,0,0,0.5982,240.19,327.16,0.112356,234.31,519.29,0.9755,1.5873,0.7671,False,False,False,0.0154
construction_image1126.jpg,Too_Wide_Box,예측 박스가 정답 박스보다 과도하게 큼,0,0,0.5982,240.19,327.16,0.112356,234.31,519.29,0.9755,1.5873,0.7671,False,False,False,0.0154
construction_image1126.jpg,Localization_Error,객체는 찾았지만 IoU가 낮아 박스 정밀도 부족,1,4,0.5249,245.25,330.54,0.115907,227.18,429.78,0.9263,1.3003,0.4482,False,False,False,0.0420
construction_image1126.jpg,Too_Wide_Box,예측 박스가 정답 박스보다 과도하게 큼,1,4,0.5249,245.25,330.54,0.115907,227.18,429.78,0.9263,1.3003,0.4482,False,False,False,0.0420
construction_image1126.jpg,Localization_Error,객체는 찾았지만 IoU가 낮아 박스 정밀도 부족,2,3,0.5904,225.02,323.78,0.104175,181.48,470.70,0.8065,1.4537,0.4663,False,False,False,0.0420
construction_image1126.jpg,Too_Wide_Box,예측 박스가 정답 박스보다 과도하게 큼,2,3,0.5904,225.02,323.78,0.104175,181.48,470.70,0.8065,1.4537,0.4663,False,False,False,0.0420
construction_image1126.jpg,FN_person,정답 person이 있지만 예측 person이 매칭되지 않음,3,,0.4764,192.16,322.11,0.088500,,,,,,False,False,False,0.0333
construction_image1126.jpg,FP_person,예측 person이 있지만 정답 person과 매칭되지 않음,,1,0.0000,,,,215.92,583.24,,,0.6944,,,,
construction_image1126.jpg,FP_person,예측 person이 있지만 정답 person과 매칭되지 않음,,2,0.0000,,,,145.76,446.40,,,0.5055,,,,
construction_image1127.jpg,FN_person,정답 person이 있지만 예측 person이 매칭되지 않음,0,,0.2904,917.81,443.26,0.584259,,,,,,False,False,False,0.0000
construction_image1127.jpg,FP_person,예측 person이 있지만 정답 person과 매칭되지 않음,,0,0.0000,,,,303.97,388.72,,,0.2752,,,,
construction_image114.jpg,Crowded_or_Overlapped_Person,다른 person 박스와 겹침이 있어 작업자 겹침 사례일 가능성,0,1,0.7786,168.86,324.02,0.133579,161.66,290.45,0.9573,0.8964,0.6538,False,False,True,0.2839
construction_image114.jpg,FN_person,정답 person이 있지만 예측 person이 매칭되지 않음,1,,0.3198,128.69,261.82,0.082260,,,,,,False,False,True,0.2839
construction_image114.jpg,FN_person,정답 person이 있지만 예측 person이 매칭되지 않음,2,,0.3082,139.78,296.31,0.101118,,,,,,False,False,True,0.2909
construction_image114.jpg,Partial_or_Truncated_Candidate,person 박스가 이미지 경계에 가까워 상반신/부분 가림 사례일 가능성,3,0,0.7974,232.91,455.89,0.259232,285.76,464.99,1.2269,1.0200,0.7288,False,True,True,0.2909
construction_image114.jpg,Crowded_or_Overlapped_Person,다른 person 박스와 겹침이 있어 작업자 겹침 사례일 가능성,3,0,0.7974,232.91,455.89,0.259232,285.76,464.99,1.2269,1.0200,0.7288,False,True,True,0.2909
construction_image114.jpg,FP_person,예측 person이 있지만 정답 person과 매칭되지 않음,,2,0.0000,,,,105.07,139.54,,,0.3368,,,,
construction_image114.jpg,FP_person,예측 person이 있지만 정답 person과 매칭되지 않음,,3,0.0000,,,,104.40,295.18,,,0.3144,,,,
construction_image1141.jpg,FN_person,정답 person이 있지만 예측 person이 매칭되지 않음,0,,0.4749,214.91,467.98,0.143804,,,,,,False,False,True,0.1322
construction_image1141.jpg,FN_person,정답 person이 있지만 예측 person이 매칭되지 않음,1,,0.3090,170.67,411.76,0.100482,,,,,,False,False,True,0.1322
construction_image1141.jpg,FN_person,정답 person이 있지만 예측 person이 매칭되지 않음,2,,0.3323,189.63,186.91,0.050678,,,,,,False,False,True,0.3026
construction_image1141.jpg,FN_person,정답 person이 있지만 예측 person이 매칭되지 않음,3,,0.4747,351.87,289.51,0.145654,,,,,,False,False,True,0.3026
construction_image1141.jpg,FN_person,정답 person이 있지만 예측 person이 매칭되지 않음,4,,0.0626,214.93,303.55,0.093283,,,,,,False,True,False,0.0756
construction_image1141.jpg,FN_person,정답 person이 있지만 예측 person이 매칭되지 않음,5,,0.0715,132.74,88.53,0.016803,,,,,,True,False,False,0.0756
construction_image1141.jpg,FN_person,정답 person이 있지만 예측 person이 매칭되지 않음,6,,0.0951,122.21,95.56,0.016697,,,,,,True,False,False,0.0730
construction_image1141.jpg,FP_person,예측 person이 있지만 정답 person과 매칭되지 않음,,0,0.0000,,,,325.05,644.02,,,0.7125,,,,
construction_image1141.jpg,FP_person,예측 person이 있지만 정답 person과 매칭되지 않음,,1,0.0000,,,,250.54,425.31,,,0.3897,,,,
construction_image1141.jpg,FP_person,예측 person이 있지만 정답 person과 매칭되지 않음,,2,0.0000,,,,193.26,368.01,,,0.2998,,,,
construction_image1141.jpg,FP_person,예측 person이 있지만 정답 person과 매칭되지 않음,,3,0.0000,,,,268.05,349.42,,,0.2676,,,,
construction_image1143.jpg,Localization_Error,객체는 찾았지만 IoU가 낮아 박스 정밀도 부족,0,0,0.5859,321.90,442.25,0.181022,269.07,667.93,0.8359,1.5103,0.7921,False,False,False,0.0000
construction_image1143.jpg,Too_Wide_Box,예측 박스가 정답 박스보다 과도하게 큼,0,0,0.5859,321.90,442.25,0.181022,269.07,667.93,0.8359,1.5103,0.7921,False,False,False,0.0000
construction_image1147.jpg,FN_person,정답 person이 있지만 예측 person이 매칭되지 않음,0,,0.0000,453.22,654.93,0.424410,,,,,,False,False,False,0.0000
construction_image1156.jpg,FN_person,정답 person이 있지만 예측 person이 매칭되지 않음,0,,0.0628,40.98,58.38,0.003431,,,,,,True,False,False,0.0772
construction_image1156.jpg,FN_person,정답 person이 있지만 예측 person이 매칭되지 않음,1,,0.4800,77.55,87.58,0.009740,,,,,,True,False,False,0.0000
construction_image1156.jpg,Localization_Error,객체는 찾았지만 IoU가 낮아 박스 정밀도 부족,2,2,0.5767,122.91,188.78,0.033273,134.58,298.96,1.0950,1.5837,0.6741,False,False,False,0.0790
construction_image1156.jpg,Too_Wide_Box,예측 박스가 정답 박스보다 과도하게 큼,2,2,0.5767,122.91,188.78,0.033273,134.58,298.96,1.0950,1.5837,0.6741,False,False,False,0.0790
construction_image1156.jpg,Localization_Error,객체는 찾았지만 IoU가 낮아 박스 정밀도 부족,3,0,0.5618,141.94,170.29,0.034661,118.85,270.02,0.8373,1.5856,0.7220,False,False,False,0.0790
construction_image1156.jpg,Too_Wide_Box,예측 박스가 정답 박스보다 과도하게 큼,3,0,0.5618,141.94,170.29,0.034661,118.85,270.02,0.8373,1.5856,0.7220,False,False,False,0.0790
construction_image1156.jpg,Localization_Error,객체는 찾았지만 IoU가 낮아 박스 정밀도 부족,4,1,0.5668,146.32,196.56,0.041244,171.69,295.55,1.1734,1.5036,0.7109,False,False,False,0.0442
construction_image1156.jpg,Too_Wide_Box,예측 박스가 정답 박스보다 과도하게 큼,4,1,0.5668,146.32,196.56,0.041244,171.69,295.55,1.1734,1.5036,0.7109,False,False,False,0.0442
construction_image1156.jpg,Localization_Error,객체는 찾았지만 IoU가 낮아 박스 정밀도 부족,5,6,0.5007,105.34,181.00,0.027342,136.97,278.01,1.3002,1.5360,0.3160,False,False,False,0.0772
construction_image1156.jpg,Too_Wide_Box,예측 박스가 정답 박스보다 과도하게 큼,5,6,0.5007,105.34,181.00,0.027342,136.97,278.01,1.3002,1.5360,0.3160,False,False,False,0.0772
construction_image1156.jpg,Localization_Error,객체는 찾았지만 IoU가 낮아 박스 정밀도 부족,6,5,0.5645,143.47,300.68,0.061862,174.83,437.10,1.2185,1.4537,0.5446,False,False,False,0.0000
construction_image1156.jpg,Too_Wide_Box,예측 박스가 정답 박스보다 과도하게 큼,6,5,0.5645,143.47,300.68,0.061862,174.83,437.10,1.2185,1.4537,0.5446,False,False,False,0.0000
construction_image1156.jpg,FP_person,예측 person이 있지만 정답 person과 매칭되지 않음,,3,0.0000,,,,159.81,289.38,,,0.6398,,,,
construction_image1156.jpg,FP_person,예측 person이 있지만 정답 person과 매칭되지 않음,,4,0.0000,,,,77.83,125.54,,,0.6270,,,,
construction_image1156.jpg,FP_person,예측 person이 있지만 정답 person과 매칭되지 않음,,7,0.0000,,,,99.79,288.76,,,0.2818,,,,
construction_image1156.jpg,FP_person,예측 person이 있지만 정답 person과 매칭되지 않음,,8,0.0000,,,,244.46,299.71,,,0.2706,,,,
construction_image1159.jpg,Localization_Error,객체는 찾았지만 IoU가 낮아 박스 정밀도 부족,0,0,0.5630,340.64,531.00,0.225307,443.82,723.93,1.3029,1.3633,0.6653,False,False,False,0.0000
construction_image1159.jpg,Too_Wide_Box,예측 박스가 정답 박스보다 과도하게 큼,0,0,0.5630,340.64,531.00,0.225307,443.82,723.93,1.3029,1.3633,0.6653,False,False,False,0.0000
construction_image1162.jpg,Localization_Error,객체는 찾았지만 IoU가 낮아 박스 정밀도 부족,0,9,0.6438,156.13,400.49,0.090195,184.92,522.49,1.1844,1.3046,0.3503,False,True,True,0.1803
construction_image1162.jpg,Too_Wide_Box,예측 박스가 정답 박스보다 과도하게 큼,0,9,0.6438,156.13,400.49,0.090195,184.92,522.49,1.1844,1.3046,0.3503,False,True,True,0.1803
construction_image1162.jpg,Partial_or_Truncated_Candidate,person 박스가 이미지 경계에 가까워 상반신/부분 가림 사례일 가능성,0,9,0.6438,156.13,400.49,0.090195,184.92,522.49,1.1844,1.3046,0.3503,False,True,True,0.1803
construction_image1162.jpg,Crowded_or_Overlapped_Person,다른 person 박스와 겹침이 있어 작업자 겹침 사례일 가능성,0,9,0.6438,156.13,400.49,0.090195,184.92,522.49,1.1844,1.3046,0.3503,False,True,True,0.1803
construction_image1162.jpg,FN_person,정답 person이 있지만 예측 person이 매칭되지 않음,1,,0.4716,143.39,325.98,0.067425,,,,,,False,False,True,0.1803
construction_image1162.jpg,FN_person,정답 person이 있지만 예측 person이 매칭되지 않음,2,,0.4417,121.44,310.52,0.054396,,,,,,False,False,False,0.0852
construction_image1162.jpg,FN_person,정답 person이 있지만 예측 person이 매칭되지 않음,3,,0.0628,49.76,94.80,0.006805,,,,,,True,False,False,0.0852
construction_image1162.jpg,FN_person,정답 person이 있지만 예측 person이 매칭되지 않음,4,,0.4644,125.84,280.55,0.050927,,,,,,False,False,False,0.0108
construction_image1162.jpg,FN_person,정답 person이 있지만 예측 person이 매칭되지 않음,5,,0.3842,128.77,261.20,0.048516,,,,,,False,False,True,0.1175
construction_image1162.jpg,FN_person,정답 person이 있지만 예측 person이 매칭되지 않음,6,,0.4956,166.80,177.99,0.042825,,,,,,False,False,True,0.1175
construction_image1162.jpg,Localization_Error,객체는 찾았지만 IoU가 낮아 박스 정밀도 부족,7,11,0.6123,179.97,330.84,0.085887,171.98,420.19,0.9556,1.2701,0.2860,False,False,False,0.0000
construction_image1162.jpg,Too_Wide_Box,예측 박스가 정답 박스보다 과도하게 큼,7,11,0.6123,179.97,330.84,0.085887,171.98,420.19,0.9556,1.2701,0.2860,False,False,False,0.0000
construction_image1162.jpg,FP_person,예측 person이 있지만 정답 person과 매칭되지 않음,,0,0.0000,,,,175.33,433.57,,,0.7111,,,,
construction_image1162.jpg,FP_person,예측 person이 있지만 정답 person과 매칭되지 않음,,1,0.0000,,,,150.51,499.34,,,0.6424,,,,
construction_image1162.jpg,FP_person,예측 person이 있지만 정답 person과 매칭되지 않음,,2,0.0000,,,,245.65,636.64,,,0.6121,,,,
construction_image1162.jpg,FP_person,예측 person이 있지만 정답 person과 매칭되지 않음,,3,0.0000,,,,201.74,557.98,,,0.5822,,,,
construction_image1162.jpg,FP_person,예측 person이 있지만 정답 person과 매칭되지 않음,,4,0.0000,,,,160.17,482.92,,,0.5674,,,,
construction_image1162.jpg,FP_person,예측 person이 있지만 정답 person과 매칭되지 않음,,5,0.0000,,,,133.83,628.51,,,0.5150,,,,
construction_image1162.jpg,FP_person,예측 person이 있지만 정답 person과 매칭되지 않음,,6,0.0000,,,,243.21,355.59,,,0.4646,,,,
construction_image1162.jpg,FP_person,예측 person이 있지만 정답 person과 매칭되지 않음,,7,0.0000,,,,199.17,620.70,,,0.4402,,,,
construction_image1162.jpg,FP_person,예측 person이 있지만 정답 person과 매칭되지 않음,,8,0.0000,,,,115.29,445.70,,,0.4213,,,,
construction_image1162.jpg,FP_person,예측 person이 있지만 정답 person과 매칭되지 않음,,10,0.0000,,,,181.14,317.00,,,0.3349,,,,
construction_image1163.jpg,FP_person,예측 person이 있지만 정답 person과 매칭되지 않음,,0,0.0000,,,,640.98,631.72,,,0.3975,,,,
construction_image1166.jpg,Localization_Error,객체는 찾았지만 IoU가 낮아 박스 정밀도 부족,0,0,0.6910,261.17,927.97,0.393809,274.23,983.12,1.0500,1.0594,0.7678,False,True,False,0.0000
construction_image1166.jpg,Partial_or_Truncated_Candidate,person 박스가 이미지 경계에 가까워 상반신/부분 가림 사례일 가능성,0,0,0.6910,261.17,927.97,0.393809,274.23,983.12,1.0500,1.0594,0.7678,False,True,False,0.0000
construction_image1170.jpg,FN_person,정답 person이 있지만 예측 person이 매칭되지 않음,0,,0.2879,310.30,584.05,0.259122,,,,,,False,False,False,0.0000
construction_image1170.jpg,FP_person,예측 person이 있지만 정답 person과 매칭되지 않음,,0,0.0000,,,,683.00,836.21,,,0.3558,,,,
construction_image1180.jpg,Localization_Error,객체는 찾았지만 IoU가 낮아 박스 정밀도 부족,0,0,0.6786,584.38,559.40,0.415684,484.88,709.56,0.8297,1.2684,0.8507,False,True,False,0.0000
construction_image1180.jpg,Too_Wide_Box,예측 박스가 정답 박스보다 과도하게 큼,0,0,0.6786,584.38,559.40,0.415684,484.88,709.56,0.8297,1.2684,0.8507,False,True,False,0.0000
construction_image1180.jpg,Partial_or_Truncated_Candidate,person 박스가 이미지 경계에 가까워 상반신/부분 가림 사례일 가능성,0,0,0.6786,584.38,559.40,0.415684,484.88,709.56,0.8297,1.2684,0.8507,False,True,False,0.0000
construction_image1185.jpg,Localization_Error,객체는 찾았지만 IoU가 낮아 박스 정밀도 부족,0,1,0.5634,587.86,399.12,0.335468,516.65,632.27,0.8789,1.5842,0.4076,False,False,True,0.1438
construction_image1185.jpg,Too_Wide_Box,예측 박스가 정답 박스보다 과도하게 큼,0,1,0.5634,587.86,399.12,0.335468,516.65,632.27,0.8789,1.5842,0.4076,False,False,True,0.1438
construction_image1185.jpg,Crowded_or_Overlapped_Person,다른 person 박스와 겹침이 있어 작업자 겹침 사례일 가능성,0,1,0.5634,587.86,399.12,0.335468,516.65,632.27,0.8789,1.5842,0.4076,False,False,True,0.1438
construction_image1185.jpg,Localization_Error,객체는 찾았지만 IoU가 낮아 박스 정밀도 부족,1,0,0.5870,394.02,439.87,0.247811,318.44,644.97,0.8082,1.4663,0.4966,False,True,True,0.1438
construction_image1185.jpg,Too_Wide_Box,예측 박스가 정답 박스보다 과도하게 큼,1,0,0.5870,394.02,439.87,0.247811,318.44,644.97,0.8082,1.4663,0.4966,False,True,True,0.1438
construction_image1185.jpg,Partial_or_Truncated_Candidate,person 박스가 이미지 경계에 가까워 상반신/부분 가림 사례일 가능성,1,0,0.5870,394.02,439.87,0.247811,318.44,644.97,0.8082,1.4663,0.4966,False,True,True,0.1438
construction_image1185.jpg,Crowded_or_Overlapped_Person,다른 person 박스와 겹침이 있어 작업자 겹침 사례일 가능성,1,0,0.5870,394.02,439.87,0.247811,318.44,644.97,0.8082,1.4663,0.4966,False,True,True,0.1438
construction_image1186.jpg,FN_person,정답 person이 있지만 예측 person이 매칭되지 않음,0,,0.0872,124.30,172.46,0.027474,,,,,,False,False,True,0.1000
construction_image1186.jpg,Localization_Error,객체는 찾았지만 IoU가 낮아 박스 정밀도 부족,1,2,0.6391,370.83,497.03,0.236212,312.72,685.37,0.8433,1.3789,0.5326,False,False,True,0.1005
construction_image1186.jpg,Too_Wide_Box,예측 박스가 정답 박스보다 과도하게 큼,1,2,0.6391,370.83,497.03,0.236212,312.72,685.37,0.8433,1.3789,0.5326,False,False,True,0.1005
construction_image1186.jpg,Crowded_or_Overlapped_Person,다른 person 박스와 겹침이 있어 작업자 겹침 사례일 가능성,1,2,0.6391,370.83,497.03,0.236212,312.72,685.37,0.8433,1.3789,0.5326,False,False,True,0.1005
construction_image1186.jpg,Localization_Error,객체는 찾았지만 IoU가 낮아 박스 정밀도 부족,2,0,0.6952,271.81,545.63,0.190065,287.88,740.99,1.0591,1.3580,0.7117,False,False,True,0.1005
construction_image1186.jpg,Too_Wide_Box,예측 박스가 정답 박스보다 과도하게 큼,2,0,0.6952,271.81,545.63,0.190065,287.88,740.99,1.0591,1.3580,0.7117,False,False,True,0.1005
construction_image1186.jpg,Crowded_or_Overlapped_Person,다른 person 박스와 겹침이 있어 작업자 겹침 사례일 가능성,2,0,0.6952,271.81,545.63,0.190065,287.88,740.99,1.0591,1.3580,0.7117,False,False,True,0.1005
construction_image1186.jpg,Localization_Error,객체는 찾았지만 IoU가 낮아 박스 정밀도 부족,3,1,0.7106,368.72,536.22,0.253388,366.57,661.18,0.9942,1.2330,0.6363,False,False,False,0.0200
construction_image1202.jpg,Localization_Error,객체는 찾았지만 IoU가 낮아 박스 정밀도 부족,0,0,0.7250,551.89,505.34,0.354631,509.21,654.65,0.9227,1.2955,0.6304,False,False,False,0.0000
construction_image1202.jpg,Too_Wide_Box,예측 박스가 정답 박스보다 과도하게 큼,0,0,0.7250,551.89,505.34,0.354631,509.21,654.65,0.9227,1.2955,0.6304,False,False,False,0.0000
construction_image1202.jpg,FP_person,예측 person이 있지만 정답 person과 매칭되지 않음,,1,0.0000,,,,223.06,315.00,,,0.3722,,,,
construction_image1221.jpg,FN_person,정답 person이 있지만 예측 person이 매칭되지 않음,0,,0.0000,686.99,502.50,0.493587,,,,,,False,True,False,0.0000
construction_image1225.jpg,Localization_Error,객체는 찾았지만 IoU가 낮아 박스 정밀도 부족,0,0,0.7011,733.86,600.26,0.560134,641.40,717.40,0.8740,1.1951,0.3900,False,False,False,0.0000
construction_image1226.jpg,Localization_Error,객체는 찾았지만 IoU가 낮아 박스 정밀도 부족,0,0,0.5176,321.00,986.54,0.402681,257.30,1005.24,0.8016,1.0189,0.4240,False,True,False,0.0000
construction_image1226.jpg,Partial_or_Truncated_Candidate,person 박스가 이미지 경계에 가까워 상반신/부분 가림 사례일 가능성,0,0,0.5176,321.00,986.54,0.402681,257.30,1005.24,0.8016,1.0189,0.4240,False,True,False,0.0000
construction_image1226.jpg,FP_person,예측 person이 있지만 정답 person과 매칭되지 않음,,1,0.0000,,,,287.67,728.60,,,0.3513,,,,
construction_image1233.jpg,Localization_Error,객체는 찾았지만 IoU가 낮아 박스 정밀도 부족,0,0,0.7491,401.30,697.21,0.282553,452.65,651.25,1.1280,0.9341,0.3607,False,True,True,0.3936
construction_image1233.jpg,Partial_or_Truncated_Candidate,person 박스가 이미지 경계에 가까워 상반신/부분 가림 사례일 가능성,0,0,0.7491,401.30,697.21,0.282553,452.65,651.25,1.1280,0.9341,0.3607,False,True,True,0.3936
construction_image1233.jpg,Crowded_or_Overlapped_Person,다른 person 박스와 겹침이 있어 작업자 겹침 사례일 가능성,0,0,0.7491,401.30,697.21,0.282553,452.65,651.25,1.1280,0.9341,0.3607,False,True,True,0.3936
construction_image1233.jpg,Localization_Error,객체는 찾았지만 IoU가 낮아 박스 정밀도 부족,1,1,0.6606,414.26,843.30,0.352797,601.37,879.42,1.4517,1.0428,0.3077,False,True,False,0.0000
construction_image1233.jpg,Too_Wide_Box,예측 박스가 정답 박스보다 과도하게 큼,1,1,0.6606,414.26,843.30,0.352797,601.37,879.42,1.4517,1.0428,0.3077,False,True,False,0.0000
construction_image1233.jpg,Partial_or_Truncated_Candidate,person 박스가 이미지 경계에 가까워 상반신/부분 가림 사례일 가능성,1,1,0.6606,414.26,843.30,0.352797,601.37,879.42,1.4517,1.0428,0.3077,False,True,False,0.0000
construction_image1233.jpg,FN_person,정답 person이 있지만 예측 person이 매칭되지 않음,2,,0.0000,197.49,502.55,0.100229,,,,,,False,False,True,0.3031
construction_image1233.jpg,FN_person,정답 person이 있지만 예측 person이 매칭되지 않음,3,,0.0000,319.39,590.25,0.190385,,,,,,False,False,True,0.3936
construction_image1236.jpg,Partial_or_Truncated_Candidate,person 박스가 이미지 경계에 가까워 상반신/부분 가림 사례일 가능성,0,0,0.7773,478.75,904.32,0.550518,571.22,855.17,1.1932,0.9457,0.2713,False,True,False,0.0000
construction_image1243.jpg,Localization_Error,객체는 찾았지만 IoU가 낮아 박스 정밀도 부족,0,0,0.7071,303.42,365.56,0.141040,255.38,431.44,0.8417,1.1802,0.5426,False,False,False,0.0000
construction_image1250.jpg,Localization_Error,객체는 찾았지만 IoU가 낮아 박스 정밀도 부족,0,0,0.7023,691.74,452.32,0.397856,709.02,568.64,1.0250,1.2572,0.3812,False,False,False,0.0000
construction_image1250.jpg,Too_Wide_Box,예측 박스가 정답 박스보다 과도하게 큼,0,0,0.7023,691.74,452.32,0.397856,709.02,568.64,1.0250,1.2572,0.3812,False,False,False,0.0000
construction_image1250.jpg,FP_person,예측 person이 있지만 정답 person과 매칭되지 않음,,1,0.0000,,,,624.55,735.97,,,0.2835,,,,
construction_image1250.jpg,FP_person,예측 person이 있지만 정답 person과 매칭되지 않음,,2,0.0000,,,,203.14,434.46,,,0.2777,,,,
construction_image1253.jpg,Partial_or_Truncated_Candidate,person 박스가 이미지 경계에 가까워 상반신/부분 가림 사례일 가능성,0,0,0.8251,475.26,862.42,0.521179,565.03,879.19,1.1889,1.0194,0.5413,False,True,False,0.0000
construction_image1254.jpg,Localization_Error,객체는 찾았지만 IoU가 낮아 박스 정밀도 부족,0,0,0.5766,336.08,838.03,0.403889,512.39,832.82,1.5246,0.9938,0.6083,False,False,False,0.0000
construction_image1254.jpg,Too_Wide_Box,예측 박스가 정답 박스보다 과도하게 큼,0,0,0.5766,336.08,838.03,0.403889,512.39,832.82,1.5246,0.9938,0.6083,False,False,False,0.0000
construction_image1259.jpg,Localization_Error,객체는 찾았지만 IoU가 낮아 박스 정밀도 부족,0,1,0.7200,368.14,864.62,0.303561,289.77,790.86,0.7871,0.9147,0.4251,False,False,True,0.1278
construction_image1259.jpg,Too_Narrow_Box,예측 박스가 정답 박스보다 과도하게 작음,0,1,0.7200,368.14,864.62,0.303561,289.77,790.86,0.7871,0.9147,0.4251,False,False,True,0.1278
construction_image1259.jpg,Crowded_or_Overlapped_Person,다른 person 박스와 겹침이 있어 작업자 겹침 사례일 가능성,0,1,0.7200,368.14,864.62,0.303561,289.77,790.86,0.7871,0.9147,0.4251,False,False,True,0.1278
construction_image1259.jpg,Localization_Error,객체는 찾았지만 IoU가 낮아 박스 정밀도 부족,1,2,0.7246,381.23,611.97,0.222494,353.65,617.55,0.9276,1.0091,0.3196,False,True,True,0.1278
construction_image1259.jpg,Partial_or_Truncated_Candidate,person 박스가 이미지 경계에 가까워 상반신/부분 가림 사례일 가능성,1,2,0.7246,381.23,611.97,0.222494,353.65,617.55,0.9276,1.0091,0.3196,False,True,True,0.1278
construction_image1259.jpg,Crowded_or_Overlapped_Person,다른 person 박스와 겹침이 있어 작업자 겹침 사례일 가능성,1,2,0.7246,381.23,611.97,0.222494,353.65,617.55,0.9276,1.0091,0.3196,False,True,True,0.1278
construction_image1259.jpg,Partial_or_Truncated_Candidate,person 박스가 이미지 경계에 가까워 상반신/부분 가림 사례일 가능성,2,0,0.9032,387.98,955.50,0.353547,392.73,944.68,1.0122,0.9887,0.5896,False,True,False,0.0317
construction_image126.jpg,Crowded_or_Overlapped_Person,다른 person 박스와 겹침이 있어 작업자 겹침 사례일 가능성,1,5,0.8365,66.36,199.34,0.032296,63.96,192.87,0.9639,0.9675,0.4094,False,False,True,0.4928
construction_image126.jpg,Localization_Error,객체는 찾았지만 IoU가 낮아 박스 정밀도 부족,2,8,0.5025,72.17,233.97,0.041225,108.45,230.71,1.5027,0.9861,0.3144,False,False,True,0.4928
construction_image126.jpg,Too_Wide_Box,예측 박스가 정답 박스보다 과도하게 큼,2,8,0.5025,72.17,233.97,0.041225,108.45,230.71,1.5027,0.9861,0.3144,False,False,True,0.4928
construction_image126.jpg,Crowded_or_Overlapped_Person,다른 person 박스와 겹침이 있어 작업자 겹침 사례일 가능성,2,8,0.5025,72.17,233.97,0.041225,108.45,230.71,1.5027,0.9861,0.3144,False,False,True,0.4928
construction_image126.jpg,FN_person,정답 person이 있지만 예측 person이 매칭되지 않음,3,,0.2761,72.17,229.82,0.040494,,,,,,False,False,True,0.2224
construction_image126.jpg,Crowded_or_Overlapped_Person,다른 person 박스와 겹침이 있어 작업자 겹침 사례일 가능성,4,4,0.7844,101.13,270.26,0.066727,94.27,254.76,0.9322,0.9426,0.5900,False,False,True,0.2224
construction_image126.jpg,FP_person,예측 person이 있지만 정답 person과 매칭되지 않음,,0,0.0000,,,,41.66,79.78,,,0.7811,,,,
construction_image126.jpg,FP_person,예측 person이 있지만 정답 person과 매칭되지 않음,,2,0.0000,,,,47.65,112.21,,,0.6356,,,,
construction_image126.jpg,FP_person,예측 person이 있지만 정답 person과 매칭되지 않음,,3,0.0000,,,,86.18,144.62,,,0.5969,,,,
construction_image126.jpg,FP_person,예측 person이 있지만 정답 person과 매칭되지 않음,,6,0.0000,,,,53.87,87.46,,,0.3734,,,,
construction_image126.jpg,FP_person,예측 person이 있지만 정답 person과 매칭되지 않음,,7,0.0000,,,,107.98,178.14,,,0.3658,,,,
construction_image1266.jpg,Partial_or_Truncated_Candidate,person 박스가 이미지 경계에 가까워 상반신/부분 가림 사례일 가능성,0,0,0.7818,620.72,639.84,0.505017,565.81,756.35,0.9115,1.1821,0.5126,False,True,False,0.0000
construction_image1279.jpg,Localization_Error,객체는 찾았지만 IoU가 낮아 박스 정밀도 부족,0,0,0.7005,357.21,1003.31,0.456907,421.07,993.67,1.1788,0.9904,0.4355,False,True,False,0.0000
construction_image1279.jpg,Partial_or_Truncated_Candidate,person 박스가 이미지 경계에 가까워 상반신/부분 가림 사례일 가능성,0,0,0.7005,357.21,1003.31,0.456907,421.07,993.67,1.1788,0.9904,0.4355,False,True,False,0.0000
construction_image1279.jpg,FN_person,정답 person이 있지만 예측 person이 매칭되지 않음,1,,0.2086,142.30,522.21,0.094735,,,,,,False,False,False,0.0000
construction_image1279.jpg,FP_person,예측 person이 있지만 정답 person과 매칭되지 않음,,1,0.0000,,,,465.25,743.28,,,0.3412,,,,
construction_image1279.jpg,FP_person,예측 person이 있지만 정답 person과 매칭되지 않음,,2,0.0000,,,,593.58,1009.52,,,0.2584,,,,
construction_image1282.jpg,FN_person,정답 person이 있지만 예측 person이 매칭되지 않음,0,,0.4703,802.14,459.63,0.527154,,,,,,False,True,False,0.0000
construction_image1282.jpg,FP_person,예측 person이 있지만 정답 person과 매칭되지 않음,,0,0.0000,,,,473.87,651.74,,,0.3693,,,,
construction_image1285.jpg,FN_person,정답 person이 있지만 예측 person이 매칭되지 않음,0,,0.3595,110.51,567.46,0.074776,,,,,,False,True,False,0.0000
construction_image1285.jpg,Localization_Error,객체는 찾았지만 IoU가 낮아 박스 정밀도 부족,1,1,0.5146,246.86,857.78,0.252493,466.79,819.02,1.8909,0.9548,0.4488,False,True,False,0.0000
construction_image1285.jpg,Too_Wide_Box,예측 박스가 정답 박스보다 과도하게 큼,1,1,0.5146,246.86,857.78,0.252493,466.79,819.02,1.8909,0.9548,0.4488,False,True,False,0.0000
construction_image1285.jpg,Partial_or_Truncated_Candidate,person 박스가 이미지 경계에 가까워 상반신/부분 가림 사례일 가능성,1,1,0.5146,246.86,857.78,0.252493,466.79,819.02,1.8909,0.9548,0.4488,False,True,False,0.0000
construction_image1285.jpg,FN_person,정답 person이 있지만 예측 person이 매칭되지 않음,2,,0.0000,258.34,988.78,0.304589,,,,,,False,True,False,0.0000
construction_image1285.jpg,FP_person,예측 person이 있지만 정답 person과 매칭되지 않음,,0,0.0000,,,,152.52,606.86,,,0.5119,,,,
construction_image1288.jpg,FN_person,정답 person이 있지만 예측 person이 매칭되지 않음,0,,0.0457,320.46,665.94,0.271360,,,,,,False,True,False,0.0000
construction_image1288.jpg,FN_person,정답 person이 있지만 예측 person이 매칭되지 않음,1,,0.4483,320.46,665.95,0.271366,,,,,,False,False,False,0.0000
construction_image1288.jpg,FP_person,예측 person이 있지만 정답 person과 매칭되지 않음,,0,0.0000,,,,476.45,937.83,,,0.5402,,,,
construction_image129.jpg,Crowded_or_Overlapped_Person,다른 person 박스와 겹침이 있어 작업자 겹침 사례일 가능성,0,6,0.8297,115.89,387.16,0.109541,123.08,439.40,1.0620,1.1349,0.3394,False,False,True,0.1272
construction_image129.jpg,FN_person,정답 person이 있지만 예측 person이 매칭되지 않음,1,,0.3368,82.97,284.44,0.057617,,,,,,False,False,True,0.3336
construction_image129.jpg,Localization_Error,객체는 찾았지만 IoU가 낮아 박스 정밀도 부족,2,0,0.7298,160.66,402.97,0.158059,151.25,414.87,0.9415,1.0295,0.6784,False,False,True,0.3336
construction_image129.jpg,Crowded_or_Overlapped_Person,다른 person 박스와 겹침이 있어 작업자 겹침 사례일 가능성,2,0,0.7298,160.66,402.97,0.158059,151.25,414.87,0.9415,1.0295,0.6784,False,False,True,0.3336
construction_image129.jpg,Localization_Error,객체는 찾았지만 IoU가 낮아 박스 정밀도 부족,3,4,0.7126,96.13,439.84,0.103227,121.53,488.25,1.2642,1.1101,0.4453,False,True,False,0.0669
construction_image129.jpg,Too_Wide_Box,예측 박스가 정답 박스보다 과도하게 큼,3,4,0.7126,96.13,439.84,0.103227,121.53,488.25,1.2642,1.1101,0.4453,False,True,False,0.0669
construction_image129.jpg,Partial_or_Truncated_Candidate,person 박스가 이미지 경계에 가까워 상반신/부분 가림 사례일 가능성,3,4,0.7126,96.13,439.84,0.103227,121.53,488.25,1.2642,1.1101,0.4453,False,True,False,0.0669
construction_image129.jpg,Localization_Error,객체는 찾았지만 IoU가 낮아 박스 정밀도 부족,4,1,0.7245,113.25,359.51,0.099401,133.84,419.90,1.1818,1.1680,0.5862,False,False,True,0.1380
construction_image129.jpg,Crowded_or_Overlapped_Person,다른 person 박스와 겹침이 있어 작업자 겹침 사례일 가능성,4,1,0.7245,113.25,359.51,0.099401,133.84,419.90,1.1818,1.1680,0.5862,False,False,True,0.1380
construction_image129.jpg,Localization_Error,객체는 찾았지만 IoU가 낮아 박스 정밀도 부족,5,2,0.7281,123.79,370.04,0.111834,131.33,434.85,1.0609,1.1751,0.5342,False,False,True,0.1380
construction_image129.jpg,Crowded_or_Overlapped_Person,다른 person 박스와 겹침이 있어 작업자 겹침 사례일 가능성,5,2,0.7281,123.79,370.04,0.111834,131.33,434.85,1.0609,1.1751,0.5342,False,False,True,0.1380
construction_image129.jpg,Localization_Error,객체는 찾았지만 IoU가 낮아 박스 정밀도 부족,6,5,0.5771,92.18,346.34,0.077943,145.74,379.61,1.5810,1.0961,0.4436,False,False,True,0.1272
construction_image129.jpg,Too_Wide_Box,예측 박스가 정답 박스보다 과도하게 큼,6,5,0.5771,92.18,346.34,0.077943,145.74,379.61,1.5810,1.0961,0.4436,False,False,True,0.1272
construction_image129.jpg,Crowded_or_Overlapped_Person,다른 person 박스와 겹침이 있어 작업자 겹침 사례일 가능성,6,5,0.5771,92.18,346.34,0.077943,145.74,379.61,1.5810,1.0961,0.4436,False,False,True,0.1272
construction_image129.jpg,FP_person,예측 person이 있지만 정답 person과 매칭되지 않음,,3,0.0000,,,,109.25,221.43,,,0.5007,,,,
construction_image129.jpg,FP_person,예측 person이 있지만 정답 person과 매칭되지 않음,,7,0.0000,,,,114.41,235.76,,,0.3386,,,,
construction_image129.jpg,FP_person,예측 person이 있지만 정답 person과 매칭되지 않음,,8,0.0000,,,,111.21,309.72,,,0.3024,,,,
construction_image129.jpg,FP_person,예측 person이 있지만 정답 person과 매칭되지 않음,,9,0.0000,,,,84.88,264.50,,,0.2769,,,,
construction_image129.jpg,FP_person,예측 person이 있지만 정답 person과 매칭되지 않음,,10,0.0000,,,,119.44,248.05,,,0.2650,,,,
construction_image1297.jpg,Localization_Error,객체는 찾았지만 IoU가 낮아 박스 정밀도 부족,0,1,0.5748,317.47,385.43,0.174954,299.08,605.46,0.9421,1.5709,0.4720,False,False,False,0.0089
construction_image1297.jpg,Too_Wide_Box,예측 박스가 정답 박스보다 과도하게 큼,0,1,0.5748,317.47,385.43,0.174954,299.08,605.46,0.9421,1.5709,0.4720,False,False,False,0.0089
construction_image1297.jpg,FN_person,정답 person이 있지만 예측 person이 매칭되지 않음,1,,0.0000,317.47,331.54,0.150496,,,,,,False,True,False,0.0089
construction_image1297.jpg,FN_person,정답 person이 있지만 예측 person이 매칭되지 않음,2,,0.3467,317.47,381.79,0.173302,,,,,,False,True,False,0.0000
construction_image1297.jpg,FP_person,예측 person이 있지만 정답 person과 매칭되지 않음,,0,0.0000,,,,369.01,589.20,,,0.5018,,,,
construction_image1302.jpg,FN_person,정답 person이 있지만 예측 person이 매칭되지 않음,0,,0.4753,470.16,346.76,0.239779,,,,,,False,False,False,0.0000
construction_image1302.jpg,Localization_Error,객체는 찾았지만 IoU가 낮아 박스 정밀도 부족,1,0,0.5938,218.93,378.17,0.121764,220.59,610.73,1.0076,1.6150,0.7017,False,False,False,0.0000
construction_image1302.jpg,Too_Wide_Box,예측 박스가 정답 박스보다 과도하게 큼,1,0,0.5938,218.93,378.17,0.121764,220.59,610.73,1.0076,1.6150,0.7017,False,False,False,0.0000
construction_image1302.jpg,FP_person,예측 person이 있지만 정답 person과 매칭되지 않음,,1,0.0000,,,,301.67,535.82,,,0.3527,,,,
construction_image1308.jpg,Localization_Error,객체는 찾았지만 IoU가 낮아 박스 정밀도 부족,0,0,0.6638,434.60,1003.70,0.623695,644.97,981.68,1.4841,0.9781,0.5921,False,True,False,0.0000
construction_image1308.jpg,Too_Wide_Box,예측 박스가 정답 박스보다 과도하게 큼,0,0,0.6638,434.60,1003.70,0.623695,644.97,981.68,1.4841,0.9781,0.5921,False,True,False,0.0000
construction_image1308.jpg,Partial_or_Truncated_Candidate,person 박스가 이미지 경계에 가까워 상반신/부분 가림 사례일 가능성,0,0,0.6638,434.60,1003.70,0.623695,644.97,981.68,1.4841,0.9781,0.5921,False,True,False,0.0000
construction_image1310.jpg,FN_person,정답 person이 있지만 예측 person이 매칭되지 않음,0,,0.4288,415.22,980.11,0.581882,,,,,,False,True,False,0.0000
construction_image1310.jpg,FP_person,예측 person이 있지만 정답 person과 매칭되지 않음,,0,0.0000,,,,332.38,525.08,,,0.4156,,,,
construction_image1311.jpg,Localization_Error,객체는 찾았지만 IoU가 낮아 박스 정밀도 부족,0,0,0.5076,401.47,327.40,0.187938,307.50,544.95,0.7659,1.6645,0.4528,False,False,False,0.0000
construction_image1311.jpg,Too_Wide_Box,예측 박스가 정답 박스보다 과도하게 큼,0,0,0.5076,401.47,327.40,0.187938,307.50,544.95,0.7659,1.6645,0.4528,False,False,False,0.0000
construction_image1311.jpg,Too_Narrow_Box,예측 박스가 정답 박스보다 과도하게 작음,0,0,0.5076,401.47,327.40,0.187938,307.50,544.95,0.7659,1.6645,0.4528,False,False,False,0.0000
construction_image1318.jpg,Localization_Error,객체는 찾았지만 IoU가 낮아 박스 정밀도 부족,0,0,0.6108,351.25,913.49,0.458779,570.23,921.23,1.6234,1.0085,0.6296,False,True,False,0.0000
construction_image1318.jpg,Too_Wide_Box,예측 박스가 정답 박스보다 과도하게 큼,0,0,0.6108,351.25,913.49,0.458779,570.23,921.23,1.6234,1.0085,0.6296,False,True,False,0.0000
construction_image1318.jpg,Partial_or_Truncated_Candidate,person 박스가 이미지 경계에 가까워 상반신/부분 가림 사례일 가능성,0,0,0.6108,351.25,913.49,0.458779,570.23,921.23,1.6234,1.0085,0.6296,False,True,False,0.0000
construction_image1327.jpg,FN_person,정답 person이 있지만 예측 person이 매칭되지 않음,0,,0.0000,410.89,884.21,0.519467,,,,,,False,True,False,0.0000
construction_image1328.jpg,Localization_Error,객체는 찾았지만 IoU가 낮아 박스 정밀도 부족,0,0,0.6105,312.08,310.23,0.138835,299.02,460.88,0.9581,1.4856,0.6827,False,False,False,0.0000
construction_image1328.jpg,Too_Wide_Box,예측 박스가 정답 박스보다 과도하게 큼,0,0,0.6105,312.08,310.23,0.138835,299.02,460.88,0.9581,1.4856,0.6827,False,False,False,0.0000
construction_image1328.jpg,Localization_Error,객체는 찾았지만 IoU가 낮아 박스 정밀도 부족,1,1,0.5937,312.08,345.95,0.154821,290.38,521.78,0.9305,1.5083,0.6620,False,False,True,0.1277
construction_image1328.jpg,Too_Wide_Box,예측 박스가 정답 박스보다 과도하게 큼,1,1,0.5937,312.08,345.95,0.154821,290.38,521.78,0.9305,1.5083,0.6620,False,False,True,0.1277
construction_image1328.jpg,Crowded_or_Overlapped_Person,다른 person 박스와 겹침이 있어 작업자 겹침 사례일 가능성,1,1,0.5937,312.08,345.95,0.154821,290.38,521.78,0.9305,1.5083,0.6620,False,False,True,0.1277
construction_image1328.jpg,Localization_Error,객체는 찾았지만 IoU가 낮아 박스 정밀도 부족,2,2,0.5055,312.08,310.24,0.138840,302.87,433.21,0.9705,1.3964,0.5184,False,False,True,0.1277
construction_image1328.jpg,Too_Wide_Box,예측 박스가 정답 박스보다 과도하게 큼,2,2,0.5055,312.08,310.24,0.138840,302.87,433.21,0.9705,1.3964,0.5184,False,False,True,0.1277
construction_image1328.jpg,Crowded_or_Overlapped_Person,다른 person 박스와 겹침이 있어 작업자 겹침 사례일 가능성,2,2,0.5055,312.08,310.24,0.138840,302.87,433.21,0.9705,1.3964,0.5184,False,False,True,0.1277
construction_image1334.jpg,Localization_Error,객체는 찾았지만 IoU가 낮아 박스 정밀도 부족,0,0,0.5253,502.24,442.32,0.317632,342.70,636.09,0.6824,1.4381,0.4304,False,False,False,0.0000
construction_image1334.jpg,Too_Wide_Box,예측 박스가 정답 박스보다 과도하게 큼,0,0,0.5253,502.24,442.32,0.317632,342.70,636.09,0.6824,1.4381,0.4304,False,False,False,0.0000
construction_image1334.jpg,Too_Narrow_Box,예측 박스가 정답 박스보다 과도하게 작음,0,0,0.5253,502.24,442.32,0.317632,342.70,636.09,0.6824,1.4381,0.4304,False,False,False,0.0000
construction_image1349.jpg,Localization_Error,객체는 찾았지만 IoU가 낮아 박스 정밀도 부족,0,0,0.5705,746.05,455.15,0.483390,510.44,587.73,0.6842,1.2913,0.4671,False,False,False,0.0000
construction_image1349.jpg,Too_Wide_Box,예측 박스가 정답 박스보다 과도하게 큼,0,0,0.5705,746.05,455.15,0.483390,510.44,587.73,0.6842,1.2913,0.4671,False,False,False,0.0000
construction_image1349.jpg,Too_Narrow_Box,예측 박스가 정답 박스보다 과도하게 작음,0,0,0.5705,746.05,455.15,0.483390,510.44,587.73,0.6842,1.2913,0.4671,False,False,False,0.0000
construction_image1351.jpg,Localization_Error,객체는 찾았지만 IoU가 낮아 박스 정밀도 부족,0,0,0.6783,288.13,450.24,0.184943,409.90,428.10,1.4226,0.9508,0.3508,False,False,False,0.0843
construction_image1351.jpg,Too_Wide_Box,예측 박스가 정답 박스보다 과도하게 큼,0,0,0.6783,288.13,450.24,0.184943,409.90,428.10,1.4226,0.9508,0.3508,False,False,False,0.0843
construction_image1351.jpg,FN_person,정답 person이 있지만 예측 person이 매칭되지 않음,1,,0.0000,293.58,581.89,0.243539,,,,,,False,False,False,0.0843
construction_image1352.jpg,Localization_Error,객체는 찾았지만 IoU가 낮아 박스 정밀도 부족,0,0,0.7150,463.24,871.22,0.513177,619.29,911.49,1.3369,1.0462,0.4409,False,False,False,0.0000
construction_image1352.jpg,Too_Wide_Box,예측 박스가 정답 박스보다 과도하게 큼,0,0,0.7150,463.24,871.22,0.513177,619.29,911.49,1.3369,1.0462,0.4409,False,False,False,0.0000
construction_image1355.jpg,FN_person,정답 person이 있지만 예측 person이 매칭되지 않음,0,,0.0506,247.06,409.61,0.128678,,,,,,False,True,False,0.0872
construction_image1355.jpg,Localization_Error,객체는 찾았지만 IoU가 낮아 박스 정밀도 부족,1,0,0.6708,367.34,532.72,0.248833,394.05,691.07,1.0727,1.2973,0.4794,False,False,False,0.0872
construction_image1355.jpg,Too_Wide_Box,예측 박스가 정답 박스보다 과도하게 큼,1,0,0.6708,367.34,532.72,0.248833,394.05,691.07,1.0727,1.2973,0.4794,False,False,False,0.0872
construction_image1355.jpg,Localization_Error,객체는 찾았지만 IoU가 낮아 박스 정밀도 부족,2,1,0.5880,359.22,515.65,0.235533,349.76,667.50,0.9737,1.2945,0.2753,False,False,False,0.0000
construction_image1355.jpg,Too_Wide_Box,예측 박스가 정답 박스보다 과도하게 큼,2,1,0.5880,359.22,515.65,0.235533,349.76,667.50,0.9737,1.2945,0.2753,False,False,False,0.0000
construction_image1366.jpg,FN_person,정답 person이 있지만 예측 person이 매칭되지 않음,0,,0.0000,598.99,406.73,0.348851,,,,,,False,False,False,0.0000
construction_image1368.jpg,FN_person,정답 person이 있지만 예측 person이 매칭되지 않음,0,,0.0033,61.98,131.08,0.010331,,,,,,True,False,True,0.1099
construction_image1368.jpg,FN_person,정답 person이 있지만 예측 person이 매칭되지 않음,1,,0.0339,45.70,121.16,0.007040,,,,,,True,False,True,0.1099
construction_image1368.jpg,Localization_Error,객체는 찾았지만 IoU가 낮아 박스 정밀도 부족,2,5,0.5698,102.62,225.58,0.029436,130.34,311.69,1.2700,1.3818,0.3945,False,False,False,0.0000
construction_image1368.jpg,Too_Wide_Box,예측 박스가 정답 박스보다 과도하게 큼,2,5,0.5698,102.62,225.58,0.029436,130.34,311.69,1.2700,1.3818,0.3945,False,False,False,0.0000
construction_image1368.jpg,FN_person,정답 person이 있지만 예측 person이 매칭되지 않음,3,,0.2921,147.33,312.46,0.058535,,,,,,False,False,False,0.0053
construction_image1368.jpg,FN_person,정답 person이 있지만 예측 person이 매칭되지 않음,4,,0.3537,229.65,300.25,0.087677,,,,,,False,False,False,0.0087
construction_image1368.jpg,FN_person,정답 person이 있지만 예측 person이 매칭되지 않음,5,,0.3169,199.15,261.40,0.066194,,,,,,False,False,False,0.0087
construction_image1368.jpg,FP_person,예측 person이 있지만 정답 person과 매칭되지 않음,,0,0.0000,,,,111.50,366.66,,,0.5347,,,,
construction_image1368.jpg,FP_person,예측 person이 있지만 정답 person과 매칭되지 않음,,1,0.0000,,,,434.04,704.06,,,0.5034,,,,
construction_image1368.jpg,FP_person,예측 person이 있지만 정답 person과 매칭되지 않음,,2,0.0000,,,,247.57,636.61,,,0.4953,,,,
construction_image1368.jpg,FP_person,예측 person이 있지만 정답 person과 매칭되지 않음,,3,0.0000,,,,116.62,320.62,,,0.4903,,,,
construction_image1368.jpg,FP_person,예측 person이 있지만 정답 person과 매칭되지 않음,,4,0.0000,,,,251.27,653.84,,,0.4390,,,,
construction_image1368.jpg,FP_person,예측 person이 있지만 정답 person과 매칭되지 않음,,6,0.0000,,,,122.21,533.27,,,0.3859,,,,
construction_image1368.jpg,FP_person,예측 person이 있지만 정답 person과 매칭되지 않음,,7,0.0000,,,,81.57,148.66,,,0.3477,,,,
construction_image1368.jpg,FP_person,예측 person이 있지만 정답 person과 매칭되지 않음,,8,0.0000,,,,94.99,206.74,,,0.3159,,,,
construction_image1368.jpg,FP_person,예측 person이 있지만 정답 person과 매칭되지 않음,,9,0.0000,,,,286.45,680.49,,,0.2763,,,,
construction_image1378.jpg,FP_person,예측 person이 있지만 정답 person과 매칭되지 않음,,0,0.0000,,,,373.69,395.50,,,0.3369,,,,
construction_image1384.jpg,Localization_Error,객체는 찾았지만 IoU가 낮아 박스 정밀도 부족,0,0,0.6405,325.76,269.98,0.352220,318.96,408.00,0.9791,1.5112,0.3823,False,True,False,0.0644
construction_image1384.jpg,Too_Wide_Box,예측 박스가 정답 박스보다 과도하게 큼,0,0,0.6405,325.76,269.98,0.352220,318.96,408.00,0.9791,1.5112,0.3823,False,True,False,0.0644
construction_image1384.jpg,Partial_or_Truncated_Candidate,person 박스가 이미지 경계에 가까워 상반신/부분 가림 사례일 가능성,0,0,0.6405,325.76,269.98,0.352220,318.96,408.00,0.9791,1.5112,0.3823,False,True,False,0.0644
construction_image1384.jpg,FN_person,정답 person이 있지만 예측 person이 매칭되지 않음,1,,0.0000,267.46,151.11,0.161858,,,,,,False,False,False,0.0644
construction_image1385.jpg,Localization_Error,객체는 찾았지만 IoU가 낮아 박스 정밀도 부족,0,0,0.6912,338.48,269.98,0.365982,328.32,382.25,0.9700,1.4158,0.6478,False,False,False,0.0000
construction_image1385.jpg,Too_Wide_Box,예측 박스가 정답 박스보다 과도하게 큼,0,0,0.6912,338.48,269.98,0.365982,328.32,382.25,0.9700,1.4158,0.6478,False,False,False,0.0000
construction_image1387.jpg,Localization_Error,객체는 찾았지만 IoU가 낮아 박스 정밀도 부족,0,0,0.5874,128.54,137.65,0.070859,143.29,209.77,1.1148,1.5239,0.2943,False,False,False,0.0000
construction_image1387.jpg,Too_Wide_Box,예측 박스가 정답 박스보다 과도하게 큼,0,0,0.5874,128.54,137.65,0.070859,143.29,209.77,1.1148,1.5239,0.2943,False,False,False,0.0000
construction_image1399.jpg,Localization_Error,객체는 찾았지만 IoU가 낮아 박스 정밀도 부족,0,0,0.6267,360.14,255.21,0.368097,282.89,268.30,0.7855,1.0513,0.3537,False,False,False,0.0000
construction_image1399.jpg,Too_Narrow_Box,예측 박스가 정답 박스보다 과도하게 작음,0,0,0.6267,360.14,255.21,0.368097,282.89,268.30,0.7855,1.0513,0.3537,False,False,False,0.0000
construction_image1405.jpg,FN_person,정답 person이 있지만 예측 person이 매칭되지 않음,0,,0.0754,133.48,200.00,0.109055,,,,,,False,False,True,0.1142
construction_image1405.jpg,Localization_Error,객체는 찾았지만 IoU가 낮아 박스 정밀도 부족,1,0,0.6402,227.89,238.68,0.222197,231.46,359.02,1.0157,1.5042,0.3696,False,False,True,0.1142
construction_image1405.jpg,Too_Wide_Box,예측 박스가 정답 박스보다 과도하게 큼,1,0,0.6402,227.89,238.68,0.222197,231.46,359.02,1.0157,1.5042,0.3696,False,False,True,0.1142
construction_image1405.jpg,Crowded_or_Overlapped_Person,다른 person 박스와 겹침이 있어 작업자 겹침 사례일 가능성,1,0,0.6402,227.89,238.68,0.222197,231.46,359.02,1.0157,1.5042,0.3696,False,False,True,0.1142
construction_image1414.jpg,Localization_Error,객체는 찾았지만 IoU가 낮아 박스 정밀도 부족,0,0,0.7051,363.93,257.73,0.375636,381.91,336.24,1.0494,1.3046,0.6530,False,True,False,0.0000
construction_image1414.jpg,Too_Wide_Box,예측 박스가 정답 박스보다 과도하게 큼,0,0,0.7051,363.93,257.73,0.375636,381.91,336.24,1.0494,1.3046,0.6530,False,True,False,0.0000
construction_image1414.jpg,Partial_or_Truncated_Candidate,person 박스가 이미지 경계에 가까워 상반신/부분 가림 사례일 가능성,0,0,0.7051,363.93,257.73,0.375636,381.91,336.24,1.0494,1.3046,0.6530,False,True,False,0.0000
construction_image152.jpeg,Too_Wide_Box,예측 박스가 정답 박스보다 과도하게 큼,0,0,0.7864,97.45,285.76,0.067987,123.06,283.26,1.2628,0.9912,0.6708,False,False,False,0.0000
construction_image152.jpeg,Localization_Error,객체는 찾았지만 IoU가 낮아 박스 정밀도 부족,1,1,0.6213,107.98,302.88,0.079846,122.69,205.60,1.1362,0.6788,0.5530,False,False,False,0.0000
construction_image152.jpeg,Too_Narrow_Box,예측 박스가 정답 박스보다 과도하게 작음,1,1,0.6213,107.98,302.88,0.079846,122.69,205.60,1.1362,0.6788,0.5530,False,False,False,0.0000
construction_image155.jpeg,Localization_Error,객체는 찾았지만 IoU가 낮아 박스 정밀도 부족,0,0,0.6727,114.57,312.10,0.087298,115.84,227.31,1.0111,0.7283,0.5731,False,False,False,0.0000
construction_image155.jpeg,Too_Narrow_Box,예측 박스가 정답 박스보다 과도하게 작음,0,0,0.6727,114.57,312.10,0.087298,115.84,227.31,1.0111,0.7283,0.5731,False,False,False,0.0000
construction_image155.jpeg,Localization_Error,객체는 찾았지만 IoU가 낮아 박스 정밀도 부족,1,1,0.7318,107.98,263.38,0.069433,128.56,270.49,1.1906,1.0270,0.5630,False,False,False,0.0000
construction_image170.jpg,Localization_Error,객체는 찾았지만 IoU가 낮아 박스 정밀도 부족,0,0,0.6069,535.97,534.65,0.699601,387.27,513.06,0.7226,0.9596,0.4428,False,False,False,0.0000
construction_image170.jpg,Too_Narrow_Box,예측 박스가 정답 박스보다 과도하게 작음,0,0,0.6069,535.97,534.65,0.699601,387.27,513.06,0.7226,0.9596,0.4428,False,False,False,0.0000
construction_image174.jpg,Localization_Error,객체는 찾았지만 IoU가 낮아 박스 정밀도 부족,0,0,0.7445,93.50,302.88,0.069139,112.69,290.22,1.2052,0.9582,0.4574,False,False,False,0.0000
construction_image189.jpg,Localization_Error,객체는 찾았지만 IoU가 낮아 박스 정밀도 부족,0,1,0.7305,290.07,593.03,0.419971,241.12,547.63,0.8312,0.9234,0.6904,False,True,True,0.9395
construction_image189.jpg,Partial_or_Truncated_Candidate,person 박스가 이미지 경계에 가까워 상반신/부분 가림 사례일 가능성,0,1,0.7305,290.07,593.03,0.419971,241.12,547.63,0.8312,0.9234,0.6904,False,True,True,0.9395
construction_image189.jpg,Crowded_or_Overlapped_Person,다른 person 박스와 겹침이 있어 작업자 겹침 사례일 가능성,0,1,0.7305,290.07,593.03,0.419971,241.12,547.63,0.8312,0.9234,0.6904,False,True,True,0.9395
construction_image189.jpg,Crowded_or_Overlapped_Person,다른 person 박스와 겹침이 있어 작업자 겹침 사례일 가능성,1,0,0.8104,308.49,574.62,0.432775,279.32,578.47,0.9055,1.0067,0.7048,False,False,True,0.8666
construction_image189.jpg,FN_person,정답 person이 있지만 예측 person이 매칭되지 않음,2,,0.0000,286.53,590.13,0.412817,,,,,,False,False,True,0.9395
construction_image189.jpg,FN_person,정답 person이 있지만 예측 person이 매칭되지 않음,3,,0.0000,286.53,590.13,0.412817,,,,,,False,True,True,0.8666
construction_image195.jpg,FN_person,정답 person이 있지만 예측 person이 매칭되지 않음,0,,0.0000,625.26,618.26,0.943782,,,,,,False,True,True,0.8433
construction_image195.jpg,FN_person,정답 person이 있지만 예측 person이 매칭되지 않음,1,,0.0000,543.87,599.37,0.795848,,,,,,False,True,True,0.8433
construction_image197.jpg,Crowded_or_Overlapped_Person,다른 person 박스와 겹침이 있어 작업자 겹침 사례일 가능성,0,0,0.7656,260.38,573.14,0.364341,237.08,578.30,0.9105,1.0090,0.6044,False,False,True,0.9102
construction_image197.jpg,FN_person,정답 person이 있지만 예측 person이 매칭되지 않음,1,,0.4177,248.63,559.88,0.339850,,,,,,False,True,True,0.9102
construction_image197.jpg,FP_person,예측 person이 있지만 정답 person과 매칭되지 않음,,1,0.0000,,,,180.33,330.84,,,0.2909,,,,
construction_image218.jpg,Partial_or_Truncated_Candidate,person 박스가 이미지 경계에 가까워 상반신/부분 가림 사례일 가능성,0,0,0.7914,384.23,569.39,0.534123,314.11,592.37,0.8175,1.0404,0.8869,False,True,False,0.0000
construction_image221.jpg,FP_person,예측 person이 있지만 정답 person과 매칭되지 않음,,1,0.0000,,,,51.14,335.57,,,0.2781,,,,
construction_image222.jpg,FN_person,정답 person이 있지만 예측 person이 매칭되지 않음,0,,0.3250,247.95,410.14,0.248277,,,,,,False,True,True,0.3009
construction_image222.jpg,Localization_Error,객체는 찾았지만 IoU가 낮아 박스 정밀도 부족,1,0,0.7083,240.01,441.57,0.258743,180.07,476.42,0.7502,1.0789,0.6760,False,True,True,0.3180
construction_image222.jpg,Too_Narrow_Box,예측 박스가 정답 박스보다 과도하게 작음,1,0,0.7083,240.01,441.57,0.258743,180.07,476.42,0.7502,1.0789,0.6760,False,True,True,0.3180
construction_image222.jpg,Partial_or_Truncated_Candidate,person 박스가 이미지 경계에 가까워 상반신/부분 가림 사례일 가능성,1,0,0.7083,240.01,441.57,0.258743,180.07,476.42,0.7502,1.0789,0.6760,False,True,True,0.3180
construction_image222.jpg,Crowded_or_Overlapped_Person,다른 person 박스와 겹침이 있어 작업자 겹침 사례일 가능성,1,0,0.7083,240.01,441.57,0.258743,180.07,476.42,0.7502,1.0789,0.6760,False,True,True,0.3180
construction_image222.jpg,Crowded_or_Overlapped_Person,다른 person 박스와 겹침이 있어 작업자 겹침 사례일 가능성,2,1,0.7855,242.66,519.81,0.307952,203.70,562.36,0.8395,1.0819,0.6443,False,False,True,0.5054
construction_image222.jpg,FN_person,정답 person이 있지만 예측 person이 매칭되지 않음,3,,0.0000,241.34,487.99,0.287528,,,,,,False,False,True,0.5054
construction_image235.jpg,Localization_Error,객체는 찾았지만 IoU가 낮아 박스 정밀도 부족,0,0,0.6517,417.15,472.40,0.481108,305.59,552.40,0.7326,1.1694,0.5861,False,False,False,0.0000
construction_image235.jpg,Too_Narrow_Box,예측 박스가 정답 박스보다 과도하게 작음,0,0,0.6517,417.15,472.40,0.481108,305.59,552.40,0.7326,1.1694,0.5861,False,False,False,0.0000
construction_image260.jpg,Localization_Error,객체는 찾았지만 IoU가 낮아 박스 정밀도 부족,0,0,0.7264,226.54,364.67,0.201690,174.17,344.55,0.7688,0.9448,0.8805,False,False,False,0.0000
construction_image260.jpg,Too_Narrow_Box,예측 박스가 정답 박스보다 과도하게 작음,0,0,0.7264,226.54,364.67,0.201690,174.17,344.55,0.7688,0.9448,0.8805,False,False,False,0.0000
construction_image279.jpg,Partial_or_Truncated_Candidate,person 박스가 이미지 경계에 가까워 상반신/부분 가림 사례일 가능성,0,0,0.7619,199.61,553.97,0.269966,166.40,593.52,0.8336,1.0714,0.8316,False,True,False,0.0000
construction_image28.jpeg,Localization_Error,객체는 찾았지만 IoU가 낮아 박스 정밀도 부족,0,1,0.6867,81.74,155.29,0.030990,108.31,170.67,1.3250,1.0991,0.4937,False,False,False,0.0000
construction_image28.jpeg,Too_Wide_Box,예측 박스가 정답 박스보다 과도하게 큼,0,1,0.6867,81.74,155.29,0.030990,108.31,170.67,1.3250,1.0991,0.4937,False,False,False,0.0000
construction_image28.jpeg,Localization_Error,객체는 찾았지만 IoU가 낮아 박스 정밀도 부족,1,0,0.7445,81.87,155.01,0.030983,95.28,178.90,1.1638,1.1541,0.6685,False,False,False,0.0000
construction_image281.jpg,Partial_or_Truncated_Candidate,person 박스가 이미지 경계에 가까워 상반신/부분 가림 사례일 가능성,0,0,0.8719,317.37,550.09,0.426226,355.14,563.84,1.1190,1.0250,0.9268,False,True,False,0.0000
construction_image284.jpg,FP_person,예측 person이 있지만 정답 person과 매칭되지 않음,,0,0.0000,,,,206.13,611.76,,,0.8227,,,,
construction_image289.jpg,Partial_or_Truncated_Candidate,person 박스가 이미지 경계에 가까워 상반신/부분 가림 사례일 가능성,0,0,0.8360,335.24,551.41,0.451306,345.87,523.52,1.0317,0.9494,0.9603,False,True,False,0.0000
construction_image29.jpeg,Localization_Error,객체는 찾았지만 IoU가 낮아 박스 정밀도 부족,0,0,0.6078,383.58,396.05,0.370891,251.67,391.47,0.6561,0.9884,0.6431,False,False,False,0.0000
construction_image29.jpeg,Too_Narrow_Box,예측 박스가 정답 박스보다 과도하게 작음,0,0,0.6078,383.58,396.05,0.370891,251.67,391.47,0.6561,0.9884,0.6431,False,False,False,0.0000
construction_image291.jpg,FP_person,예측 person이 있지만 정답 person과 매칭되지 않음,,1,0.0000,,,,304.62,554.67,,,0.3042,,,,
construction_image30.jpeg,Localization_Error,객체는 찾았지만 IoU가 낮아 박스 정밀도 부족,0,0,0.6284,410.04,300.75,0.301073,316.42,329.18,0.7717,1.0945,0.3856,False,False,False,0.0000
construction_image30.jpeg,Too_Narrow_Box,예측 박스가 정답 박스보다 과도하게 작음,0,0,0.6284,410.04,300.75,0.301073,316.42,329.18,0.7717,1.0945,0.3856,False,False,False,0.0000
construction_image307.jpg,Localization_Error,객체는 찾았지만 IoU가 낮아 박스 정밀도 부족,0,6,0.5694,106.67,432.21,0.112558,146.91,482.82,1.3772,1.1171,0.2597,False,False,False,0.0347
construction_image307.jpg,Too_Wide_Box,예측 박스가 정답 박스보다 과도하게 큼,0,6,0.5694,106.67,432.21,0.112558,146.91,482.82,1.3772,1.1171,0.2597,False,False,False,0.0347
construction_image307.jpg,Localization_Error,객체는 찾았지만 IoU가 낮아 박스 정밀도 부족,1,3,0.6556,134.51,466.70,0.153261,163.48,585.77,1.2154,1.2551,0.2963,False,True,True,0.3152
construction_image307.jpg,Too_Wide_Box,예측 박스가 정답 박스보다 과도하게 큼,1,3,0.6556,134.51,466.70,0.153261,163.48,585.77,1.2154,1.2551,0.2963,False,True,True,0.3152
construction_image307.jpg,Partial_or_Truncated_Candidate,person 박스가 이미지 경계에 가까워 상반신/부분 가림 사례일 가능성,1,3,0.6556,134.51,466.70,0.153261,163.48,585.77,1.2154,1.2551,0.2963,False,True,True,0.3152
construction_image307.jpg,Crowded_or_Overlapped_Person,다른 person 박스와 겹침이 있어 작업자 겹침 사례일 가능성,1,3,0.6556,134.51,466.70,0.153261,163.48,585.77,1.2154,1.2551,0.2963,False,True,True,0.3152
construction_image307.jpg,FN_person,정답 person이 있지만 예측 person이 매칭되지 않음,2,,0.4976,124.79,375.52,0.114407,,,,,,False,False,True,0.3152
construction_image307.jpg,Localization_Error,객체는 찾았지만 IoU가 낮아 박스 정밀도 부족,3,1,0.6701,108.06,373.89,0.098639,112.99,413.82,1.0456,1.1068,0.5734,False,False,False,0.0545
construction_image307.jpg,FN_person,정답 person이 있지만 예측 person이 매칭되지 않음,4,,0.2511,91.43,228.58,0.051023,,,,,,False,False,True,0.1562
construction_image307.jpg,FN_person,정답 person이 있지만 예측 person이 매칭되지 않음,5,,0.1976,67.88,242.29,0.040153,,,,,,False,False,True,0.1562
construction_image307.jpg,FN_person,정답 person이 있지만 예측 person이 매칭되지 않음,6,,0.2968,106.53,391.90,0.101926,,,,,,False,False,False,0.0052
construction_image307.jpg,FP_person,예측 person이 있지만 정답 person과 매칭되지 않음,,0,0.0000,,,,348.77,495.72,,,0.7264,,,,
construction_image307.jpg,FP_person,예측 person이 있지만 정답 person과 매칭되지 않음,,2,0.0000,,,,201.80,412.44,,,0.4908,,,,
construction_image307.jpg,FP_person,예측 person이 있지만 정답 person과 매칭되지 않음,,4,0.0000,,,,103.08,190.77,,,0.2905,,,,
construction_image307.jpg,FP_person,예측 person이 있지만 정답 person과 매칭되지 않음,,5,0.0000,,,,192.41,489.46,,,0.2737,,,,
construction_image308.jpg,Localization_Error,객체는 찾았지만 IoU가 낮아 박스 정밀도 부족,0,10,0.7285,145.59,297.97,0.105912,126.93,263.67,0.8719,0.8849,0.3090,False,True,True,0.3060
construction_image308.jpg,Partial_or_Truncated_Candidate,person 박스가 이미지 경계에 가까워 상반신/부분 가림 사례일 가능성,0,10,0.7285,145.59,297.97,0.105912,126.93,263.67,0.8719,0.8849,0.3090,False,True,True,0.3060
construction_image308.jpg,Crowded_or_Overlapped_Person,다른 person 박스와 겹침이 있어 작업자 겹침 사례일 가능성,0,10,0.7285,145.59,297.97,0.105912,126.93,263.67,0.8719,0.8849,0.3090,False,True,True,0.3060
construction_image308.jpg,Localization_Error,객체는 찾았지만 IoU가 낮아 박스 정밀도 부족,1,1,0.5584,126.19,228.43,0.070375,150.20,343.70,1.1903,1.5046,0.6279,False,False,True,0.3060
construction_image308.jpg,Too_Wide_Box,예측 박스가 정답 박스보다 과도하게 큼,1,1,0.5584,126.19,228.43,0.070375,150.20,343.70,1.1903,1.5046,0.6279,False,False,True,0.3060
construction_image308.jpg,Crowded_or_Overlapped_Person,다른 person 박스와 겹침이 있어 작업자 겹침 사례일 가능성,1,1,0.5584,126.19,228.43,0.070375,150.20,343.70,1.1903,1.5046,0.6279,False,False,True,0.3060
construction_image308.jpg,Localization_Error,객체는 찾았지만 IoU가 낮아 박스 정밀도 부족,2,12,0.6259,103.90,308.92,0.078361,99.06,280.39,0.9534,0.9076,0.2621,False,False,False,0.0665
construction_image308.jpg,Localization_Error,객체는 찾았지만 IoU가 낮아 박스 정밀도 부족,3,7,0.6144,141.30,228.43,0.078802,171.67,300.38,1.2150,1.3150,0.3824,False,False,False,0.0646
construction_image308.jpg,Too_Wide_Box,예측 박스가 정답 박스보다 과도하게 큼,3,7,0.6144,141.30,228.43,0.078802,171.67,300.38,1.2150,1.3150,0.3824,False,False,False,0.0646
construction_image308.jpg,FN_person,정답 person이 있지만 예측 person이 매칭되지 않음,4,,0.4052,94.34,110.68,0.025492,,,,,,False,False,False,0.0646
construction_image308.jpg,Localization_Error,객체는 찾았지만 IoU가 낮아 박스 정밀도 부족,5,6,0.6961,134.23,297.98,0.097651,118.33,361.36,0.8815,1.2127,0.3995,False,False,False,0.0000
construction_image308.jpg,FP_person,예측 person이 있지만 정답 person과 매칭되지 않음,,0,0.0000,,,,137.69,436.91,,,0.6978,,,,
construction_image308.jpg,FP_person,예측 person이 있지만 정답 person과 매칭되지 않음,,2,0.0000,,,,127.43,342.47,,,0.6072,,,,
construction_image308.jpg,FP_person,예측 person이 있지만 정답 person과 매칭되지 않음,,3,0.0000,,,,169.22,355.29,,,0.4800,,,,
construction_image308.jpg,FP_person,예측 person이 있지만 정답 person과 매칭되지 않음,,4,0.0000,,,,103.06,248.24,,,0.4790,,,,
construction_image308.jpg,FP_person,예측 person이 있지만 정답 person과 매칭되지 않음,,5,0.0000,,,,141.83,347.80,,,0.4151,,,,
construction_image308.jpg,FP_person,예측 person이 있지만 정답 person과 매칭되지 않음,,8,0.0000,,,,85.58,263.49,,,0.3782,,,,
construction_image308.jpg,FP_person,예측 person이 있지만 정답 person과 매칭되지 않음,,9,0.0000,,,,79.53,229.72,,,0.3234,,,,
construction_image308.jpg,FP_person,예측 person이 있지만 정답 person과 매칭되지 않음,,11,0.0000,,,,96.20,415.64,,,0.2904,,,,
construction_image310.jpg,FN_person,정답 person이 있지만 예측 person이 매칭되지 않음,0,,0.3487,580.43,626.01,0.887098,,,,,,False,True,False,0.0000
construction_image310.jpg,FP_person,예측 person이 있지만 정답 person과 매칭되지 않음,,0,0.0000,,,,275.10,475.10,,,0.3562,,,,
construction_image326.jpg,FN_person,정답 person이 있지만 예측 person이 매칭되지 않음,0,,0.0000,250.60,566.72,0.346728,,,,,,False,True,False,0.0000
construction_image331.jpg,Partial_or_Truncated_Candidate,person 박스가 이미지 경계에 가까워 상반신/부분 가림 사례일 가능성,0,0,0.8088,229.96,526.27,0.295462,190.38,541.27,0.8279,1.0285,0.9315,False,True,False,0.0000
construction_image331.jpg,FP_person,예측 person이 있지만 정답 person과 매칭되지 않음,,1,0.0000,,,,271.51,547.18,,,0.8234,,,,
construction_image342.jpg,FN_person,정답 person이 있지만 예측 person이 매칭되지 않음,0,,0.0000,490.25,615.21,0.736345,,,,,,False,True,False,0.0000
construction_image349.jpg,Localization_Error,객체는 찾았지만 IoU가 낮아 박스 정밀도 부족,0,0,0.7287,306.15,620.61,0.463866,394.51,584.17,1.2886,0.9413,0.2653,False,True,False,0.0583
construction_image349.jpg,Too_Wide_Box,예측 박스가 정답 박스보다 과도하게 큼,0,0,0.7287,306.15,620.61,0.463866,394.51,584.17,1.2886,0.9413,0.2653,False,True,False,0.0583
construction_image349.jpg,Partial_or_Truncated_Candidate,person 박스가 이미지 경계에 가까워 상반신/부분 가림 사례일 가능성,0,0,0.7287,306.15,620.61,0.463866,394.51,584.17,1.2886,0.9413,0.2653,False,True,False,0.0583
construction_image349.jpg,FN_person,정답 person이 있지만 예측 person이 매칭되지 않음,1,,0.0000,68.01,299.36,0.049706,,,,,,False,False,True,0.3379
construction_image349.jpg,FN_person,정답 person이 있지만 예측 person이 매칭되지 않음,2,,0.0000,142.55,422.65,0.147092,,,,,,False,False,True,0.3379
construction_image349.jpg,FN_person,정답 person이 있지만 예측 person이 매칭되지 않음,3,,0.0000,119.14,454.23,0.132121,,,,,,False,False,True,0.3337
construction_image349.jpg,FN_person,정답 person이 있지만 예측 person이 매칭되지 않음,4,,0.0000,227.32,537.49,0.298297,,,,,,False,False,True,0.3337
construction_image363.jpg,Partial_or_Truncated_Candidate,person 박스가 이미지 경계에 가까워 상반신/부분 가림 사례일 가능성,0,0,0.7664,304.77,541.78,0.403121,254.24,599.24,0.8342,1.1061,0.7994,False,True,False,0.0000
construction_image372.jpg,Localization_Error,객체는 찾았지만 IoU가 낮아 박스 정밀도 부족,0,0,0.6829,261.82,332.46,0.212512,282.36,451.43,1.0784,1.3578,0.8304,False,False,False,0.0000
construction_image372.jpg,Too_Wide_Box,예측 박스가 정답 박스보다 과도하게 큼,0,0,0.6829,261.82,332.46,0.212512,282.36,451.43,1.0784,1.3578,0.8304,False,False,False,0.0000
construction_image379.jpg,Partial_or_Truncated_Candidate,person 박스가 이미지 경계에 가까워 상반신/부분 가림 사례일 가능성,0,0,0.7990,286.61,559.79,0.391703,324.30,577.20,1.1315,1.0311,0.8605,False,True,False,0.0000
construction_image39.jpeg,Localization_Error,객체는 찾았지만 IoU가 낮아 박스 정밀도 부족,0,1,0.6619,90.04,128.69,0.028289,100.20,165.15,1.1129,1.2833,0.2908,False,False,False,0.0000
construction_image39.jpeg,Too_Wide_Box,예측 박스가 정답 박스보다 과도하게 큼,0,1,0.6619,90.04,128.69,0.028289,100.20,165.15,1.1129,1.2833,0.2908,False,False,False,0.0000
construction_image39.jpeg,FP_person,예측 person이 있지만 정답 person과 매칭되지 않음,,0,0.0000,,,,89.53,128.47,,,0.5085,,,,
construction_image41.jpeg,FN_person,정답 person이 있지만 예측 person이 매칭되지 않음,0,,0.4347,133.71,182.33,0.059520,,,,,,False,False,False,0.0000
construction_image41.jpeg,FP_person,예측 person이 있지만 정답 person과 매칭되지 않음,,0,0.0000,,,,98.46,161.56,,,0.4538,,,,
construction_image41.jpeg,FP_person,예측 person이 있지만 정답 person과 매칭되지 않음,,1,0.0000,,,,156.40,338.06,,,0.4145,,,,
construction_image41.jpeg,FP_person,예측 person이 있지만 정답 person과 매칭되지 않음,,2,0.0000,,,,112.72,334.00,,,0.4064,,,,
construction_image41.jpeg,FP_person,예측 person이 있지만 정답 person과 매칭되지 않음,,3,0.0000,,,,78.21,147.42,,,0.2911,,,,
construction_image41.jpeg,FP_person,예측 person이 있지만 정답 person과 매칭되지 않음,,4,0.0000,,,,85.51,192.36,,,0.2779,,,,
construction_image410.jpg,Partial_or_Truncated_Candidate,person 박스가 이미지 경계에 가까워 상반신/부분 가림 사례일 가능성,0,0,0.8744,395.63,546.99,0.528334,402.62,506.70,1.0177,0.9263,0.7929,False,True,False,0.0000
construction_image413.jpg,Partial_or_Truncated_Candidate,person 박스가 이미지 경계에 가까워 상반신/부분 가림 사례일 가능성,0,0,0.8913,447.52,601.18,0.656836,419.03,596.87,0.9363,0.9928,0.7577,False,True,False,0.0000
construction_image421.jpg,Partial_or_Truncated_Candidate,person 박스가 이미지 경계에 가까워 상반신/부분 가림 사례일 가능성,0,0,0.8585,531.55,610.02,0.791641,466.56,606.51,0.8777,0.9943,0.2648,False,True,False,0.0000
construction_image433.jpg,Localization_Error,객체는 찾았지만 IoU가 낮아 박스 정밀도 부족,0,0,0.6582,383.45,567.99,0.531728,489.27,567.50,1.2760,0.9991,0.3029,False,True,False,0.0000
construction_image433.jpg,Too_Wide_Box,예측 박스가 정답 박스보다 과도하게 큼,0,0,0.6582,383.45,567.99,0.531728,489.27,567.50,1.2760,0.9991,0.3029,False,True,False,0.0000
construction_image433.jpg,Partial_or_Truncated_Candidate,person 박스가 이미지 경계에 가까워 상반신/부분 가림 사례일 가능성,0,0,0.6582,383.45,567.99,0.531728,489.27,567.50,1.2760,0.9991,0.3029,False,True,False,0.0000
construction_image438.jpg,Localization_Error,객체는 찾았지만 IoU가 낮아 박스 정밀도 부족,0,0,0.7280,201.11,561.17,0.275529,163.03,620.13,0.8107,1.1051,0.6120,False,True,False,0.0000
construction_image438.jpg,Partial_or_Truncated_Candidate,person 박스가 이미지 경계에 가까워 상반신/부분 가림 사례일 가능성,0,0,0.7280,201.11,561.17,0.275529,163.03,620.13,0.8107,1.1051,0.6120,False,True,False,0.0000
construction_image438.jpg,FP_person,예측 person이 있지만 정답 person과 매칭되지 않음,,1,0.0000,,,,169.86,359.36,,,0.3419,,,,
construction_image440.jpg,Localization_Error,객체는 찾았지만 IoU가 낮아 박스 정밀도 부족,0,1,0.7373,258.69,615.50,0.388730,208.29,589.25,0.8052,0.9574,0.3523,False,True,False,0.0000
construction_image440.jpg,Partial_or_Truncated_Candidate,person 박스가 이미지 경계에 가까워 상반신/부분 가림 사례일 가능성,0,1,0.7373,258.69,615.50,0.388730,208.29,589.25,0.8052,0.9574,0.3523,False,True,False,0.0000
construction_image440.jpg,FP_person,예측 person이 있지만 정답 person과 매칭되지 않음,,0,0.0000,,,,185.31,629.56,,,0.4987,,,,
construction_image456.jpg,Localization_Error,객체는 찾았지만 IoU가 낮아 박스 정밀도 부족,0,0,0.6684,240.66,584.60,0.343481,167.00,616.80,0.6939,1.0551,0.7318,False,True,False,0.0000
construction_image456.jpg,Too_Narrow_Box,예측 박스가 정답 박스보다 과도하게 작음,0,0,0.6684,240.66,584.60,0.343481,167.00,616.80,0.6939,1.0551,0.7318,False,True,False,0.0000
construction_image456.jpg,Partial_or_Truncated_Candidate,person 박스가 이미지 경계에 가까워 상반신/부분 가림 사례일 가능성,0,0,0.6684,240.66,584.60,0.343481,167.00,616.80,0.6939,1.0551,0.7318,False,True,False,0.0000
construction_image471.jpg,Partial_or_Truncated_Candidate,person 박스가 이미지 경계에 가까워 상반신/부분 가림 사례일 가능성,0,0,0.8803,264.17,601.16,0.387716,261.36,611.75,0.9894,1.0176,0.7149,False,True,False,0.0000
construction_image486.jpg,Partial_or_Truncated_Candidate,person 박스가 이미지 경계에 가까워 상반신/부분 가림 사례일 가능성,0,0,0.8859,369.86,633.84,0.572344,403.91,611.38,1.0920,0.9646,0.4930,False,True,False,0.0000
construction_image486.jpg,FP_person,예측 person이 있지만 정답 person과 매칭되지 않음,,1,0.0000,,,,341.31,550.18,,,0.3542,,,,
construction_image49.jpg,FP_person,예측 person이 있지만 정답 person과 매칭되지 않음,,0,0.0000,,,,162.41,444.07,,,0.5985,,,,
construction_image49.jpg,FP_person,예측 person이 있지만 정답 person과 매칭되지 않음,,1,0.0000,,,,143.22,576.66,,,0.4680,,,,
construction_image490.jpg,FN_person,정답 person이 있지만 예측 person이 매칭되지 않음,0,,0.0000,369.86,602.90,0.544405,,,,,,False,True,False,0.0000
construction_image492.jpg,Partial_or_Truncated_Candidate,person 박스가 이미지 경계에 가까워 상반신/부분 가림 사례일 가능성,0,0,0.8324,150.27,577.75,0.211959,166.82,616.24,1.1101,1.0666,0.8221,False,True,False,0.0000
construction_image496.jpg,Partial_or_Truncated_Candidate,person 박스가 이미지 경계에 가까워 상반신/부분 가림 사례일 가능성,0,0,0.8339,327.09,522.73,0.417431,338.62,527.59,1.0353,1.0093,0.8680,False,True,False,0.0000
construction_image498.jpg,Partial_or_Truncated_Candidate,person 박스가 이미지 경계에 가까워 상반신/부분 가림 사례일 가능성,2,1,0.7581,133.01,326.89,0.106151,163.45,350.88,1.2289,1.0734,0.5898,False,True,False,0.0656
construction_image498.jpg,FN_person,정답 person이 있지만 예측 person이 매칭되지 않음,3,,0.4926,208.63,382.14,0.194643,,,,,,False,True,False,0.0503
construction_image498.jpg,FP_person,예측 person이 있지만 정답 person과 매칭되지 않음,,3,0.0000,,,,243.96,338.30,,,0.3338,,,,
construction_image498.jpg,FP_person,예측 person이 있지만 정답 person과 매칭되지 않음,,4,0.0000,,,,345.25,468.79,,,0.3053,,,,
construction_image5.jpeg,FN_person,정답 person이 있지만 예측 person이 매칭되지 않음,0,,0.0000,38.69,76.06,0.007184,,,,,,True,False,False,0.0000
construction_image5.jpeg,Partial_or_Truncated_Candidate,person 박스가 이미지 경계에 가까워 상반신/부분 가림 사례일 가능성,1,0,0.7900,127.10,321.38,0.099725,137.49,334.06,1.0818,1.0395,0.7138,False,True,False,0.0000
construction_image5.jpeg,FN_person,정답 person이 있지만 예측 person이 매칭되지 않음,2,,0.0000,92.78,226.56,0.051319,,,,,,False,False,False,0.0000
construction_image504.jpg,Partial_or_Truncated_Candidate,person 박스가 이미지 경계에 가까워 상반신/부분 가림 사례일 가능성,0,0,0.7711,392.08,592.00,0.566678,395.13,591.29,1.0078,0.9988,0.7958,False,True,False,0.0000
construction_image507.jpg,Partial_or_Truncated_Candidate,person 박스가 이미지 경계에 가까워 상반신/부분 가림 사례일 가능성,0,0,0.8287,409.77,606.40,0.606652,357.66,610.28,0.8728,1.0064,0.9008,False,True,False,0.0000
construction_image516.jpg,Partial_or_Truncated_Candidate,person 박스가 이미지 경계에 가까워 상반신/부분 가림 사례일 가능성,0,1,0.9049,385.47,640.00,0.602297,408.28,628.69,1.0592,0.9823,0.2591,False,True,False,0.0000
construction_image516.jpg,FP_person,예측 person이 있지만 정답 person과 매칭되지 않음,,0,0.0000,,,,315.66,530.36,,,0.7666,,,,
construction_image528.jpg,Partial_or_Truncated_Candidate,person 박스가 이미지 경계에 가까워 상반신/부분 가림 사례일 가능성,0,1,0.7671,415.15,597.92,0.606022,431.41,621.10,1.0392,1.0388,0.5616,False,True,False,0.0000
construction_image528.jpg,FP_person,예측 person이 있지만 정답 person과 매칭되지 않음,,0,0.0000,,,,323.95,578.34,,,0.5744,,,,
construction_image528.jpg,FP_person,예측 person이 있지만 정답 person과 매칭되지 않음,,2,0.0000,,,,365.33,488.57,,,0.3165,,,,
construction_image54.jpg,Localization_Error,객체는 찾았지만 IoU가 낮아 박스 정밀도 부족,0,0,0.7205,150.13,529.38,0.194033,182.91,603.08,1.2184,1.1392,0.6785,False,False,False,0.0000
construction_image545.jpg,Partial_or_Truncated_Candidate,person 박스가 이미지 경계에 가까워 상반신/부분 가림 사례일 가능성,0,1,0.8197,303.70,604.49,0.448202,249.05,604.85,0.8201,1.0006,0.2991,False,True,False,0.0000
construction_image545.jpg,FP_person,예측 person이 있지만 정답 person과 매칭되지 않음,,0,0.0000,,,,270.23,511.33,,,0.7969,,,,
construction_image555.jpg,FN_person,정답 person이 있지만 예측 person이 매칭되지 않음,0,,0.0000,589.45,637.21,0.917001,,,,,,False,True,False,0.0000
construction_image556.jpg,FP_person,예측 person이 있지만 정답 person과 매칭되지 않음,,0,0.0000,,,,137.67,441.64,,,0.3354,,,,
construction_image564.jpg,Partial_or_Truncated_Candidate,person 박스가 이미지 경계에 가까워 상반신/부분 가림 사례일 가능성,0,0,0.8257,195.95,575.21,0.275177,188.57,544.44,0.9623,0.9465,0.8612,False,True,False,0.0000
construction_image569.jpg,Partial_or_Truncated_Candidate,person 박스가 이미지 경계에 가까워 상반신/부분 가림 사례일 가능성,0,1,0.8507,355.56,634.89,0.551126,342.34,639.76,0.9628,1.0077,0.3281,False,True,False,0.0000
construction_image569.jpg,FP_person,예측 person이 있지만 정답 person과 매칭되지 않음,,0,0.0000,,,,287.55,494.11,,,0.3832,,,,
construction_image575.jpg,Localization_Error,객체는 찾았지만 IoU가 낮아 박스 정밀도 부족,0,0,0.5448,429.83,597.70,0.627220,249.70,560.51,0.5809,0.9378,0.7230,False,True,False,0.0000
construction_image575.jpg,Too_Narrow_Box,예측 박스가 정답 박스보다 과도하게 작음,0,0,0.5448,429.83,597.70,0.627220,249.70,560.51,0.5809,0.9378,0.7230,False,True,False,0.0000
construction_image575.jpg,Partial_or_Truncated_Candidate,person 박스가 이미지 경계에 가까워 상반신/부분 가림 사례일 가능성,0,0,0.5448,429.83,597.70,0.627220,249.70,560.51,0.5809,0.9378,0.7230,False,True,False,0.0000
construction_image583.jpg,Localization_Error,객체는 찾았지만 IoU가 낮아 박스 정밀도 부족,0,0,0.7238,357.13,575.21,0.501526,277.78,615.08,0.7778,1.0693,0.9006,False,True,False,0.0000
construction_image583.jpg,Too_Narrow_Box,예측 박스가 정답 박스보다 과도하게 작음,0,0,0.7238,357.13,575.21,0.501526,277.78,615.08,0.7778,1.0693,0.9006,False,True,False,0.0000
construction_image583.jpg,Partial_or_Truncated_Candidate,person 박스가 이미지 경계에 가까워 상반신/부분 가림 사례일 가능성,0,0,0.7238,357.13,575.21,0.501526,277.78,615.08,0.7778,1.0693,0.9006,False,True,False,0.0000
construction_image588.jpg,Partial_or_Truncated_Candidate,person 박스가 이미지 경계에 가까워 상반신/부분 가림 사례일 가능성,0,0,0.7842,243.35,425.08,0.252546,240.60,425.05,0.9887,0.9999,0.8583,False,True,False,0.0000
construction_image589.jpg,Localization_Error,객체는 찾았지만 IoU가 낮아 박스 정밀도 부족,0,0,0.7128,409.28,428.25,0.427916,315.30,443.16,0.7704,1.0348,0.6886,False,False,False,0.0000
construction_image589.jpg,Too_Narrow_Box,예측 박스가 정답 박스보다 과도하게 작음,0,0,0.7128,409.28,428.25,0.427916,315.30,443.16,0.7704,1.0348,0.6886,False,False,False,0.0000
construction_image599.jpg,Partial_or_Truncated_Candidate,person 박스가 이미지 경계에 가까워 상반신/부분 가림 사례일 가능성,0,0,0.8383,240.20,619.45,0.363261,267.46,582.09,1.1135,0.9397,0.7892,False,True,False,0.0000
construction_image626.jpg,Partial_or_Truncated_Candidate,person 박스가 이미지 경계에 가까워 상반신/부분 가림 사례일 가능성,0,0,0.9098,412.44,639.63,0.644065,393.55,621.95,0.9542,0.9724,0.5399,False,True,False,0.0000
construction_image631.jpeg,Localization_Error,객체는 찾았지만 IoU가 낮아 박스 정밀도 부족,0,2,0.6683,139.07,132.74,0.045069,147.99,107.18,1.0641,0.8075,0.4604,False,False,False,0.0000
construction_image631.jpeg,Localization_Error,객체는 찾았지만 IoU가 낮아 박스 정밀도 부족,2,1,0.6123,131.16,104.29,0.033395,98.48,108.28,0.7508,1.0383,0.5378,False,False,False,0.0000
construction_image631.jpeg,Too_Narrow_Box,예측 박스가 정답 박스보다 과도하게 작음,2,1,0.6123,131.16,104.29,0.033395,98.48,108.28,0.7508,1.0383,0.5378,False,False,False,0.0000
construction_image632.jpg,Partial_or_Truncated_Candidate,person 박스가 이미지 경계에 가까워 상반신/부분 가림 사례일 가능성,0,1,0.8681,121.67,222.82,0.066188,128.77,203.75,1.0583,0.9144,0.5014,False,True,True,0.1901
construction_image632.jpg,Crowded_or_Overlapped_Person,다른 person 박스와 겹침이 있어 작업자 겹침 사례일 가능성,0,1,0.8681,121.67,222.82,0.066188,128.77,203.75,1.0583,0.9144,0.5014,False,True,True,0.1901
construction_image632.jpg,Localization_Error,객체는 찾았지만 IoU가 낮아 박스 정밀도 부족,2,0,0.5605,86.91,180.15,0.038225,135.63,200.98,1.5606,1.1156,0.5047,False,False,True,0.1901
construction_image632.jpg,Too_Wide_Box,예측 박스가 정답 박스보다 과도하게 큼,2,0,0.5605,86.91,180.15,0.038225,135.63,200.98,1.5606,1.1156,0.5047,False,False,True,0.1901
construction_image632.jpg,Crowded_or_Overlapped_Person,다른 person 박스와 겹침이 있어 작업자 겹침 사례일 가능성,2,0,0.5605,86.91,180.15,0.038225,135.63,200.98,1.5606,1.1156,0.5047,False,False,True,0.1901
construction_image632.jpg,FP_person,예측 person이 있지만 정답 person과 매칭되지 않음,,2,0.0000,,,,253.03,247.35,,,0.3075,,,,
construction_image657.jpg,FN_person,정답 person이 있지만 예측 person이 매칭되지 않음,0,,0.1566,72.69,203.85,0.036176,,,,,,False,False,False,0.0359
construction_image657.jpg,FP_person,예측 person이 있지만 정답 person과 매칭되지 않음,,0,0.0000,,,,171.90,412.71,,,0.6666,,,,
construction_image659.jpg,Localization_Error,객체는 찾았지만 IoU가 낮아 박스 정밀도 부족,0,6,0.5941,85.33,297.04,0.061881,134.59,308.73,1.5773,1.0394,0.3006,False,False,True,0.3456
construction_image659.jpg,Too_Wide_Box,예측 박스가 정답 박스보다 과도하게 큼,0,6,0.5941,85.33,297.04,0.061881,134.59,308.73,1.5773,1.0394,0.3006,False,False,True,0.3456
construction_image659.jpg,Crowded_or_Overlapped_Person,다른 person 박스와 겹침이 있어 작업자 겹침 사례일 가능성,0,6,0.5941,85.33,297.04,0.061881,134.59,308.73,1.5773,1.0394,0.3006,False,False,True,0.3456
construction_image659.jpg,FN_person,정답 person이 있지만 예측 person이 매칭되지 않음,1,,0.2460,61.62,274.96,0.041365,,,,,,False,False,True,0.3456
construction_image659.jpg,Localization_Error,객체는 찾았지만 IoU가 낮아 박스 정밀도 부족,2,4,0.7265,105.88,244.94,0.063316,90.29,232.95,0.8528,0.9510,0.3088,False,False,False,0.0856
construction_image659.jpg,Localization_Error,객체는 찾았지만 IoU가 낮아 박스 정밀도 부족,3,1,0.6324,69.53,290.76,0.049357,96.12,332.59,1.3824,1.1439,0.6337,False,False,False,0.0000
construction_image659.jpg,Too_Wide_Box,예측 박스가 정답 박스보다 과도하게 큼,3,1,0.6324,69.53,290.76,0.049357,96.12,332.59,1.3824,1.1439,0.6337,False,False,False,0.0000
construction_image659.jpg,Localization_Error,객체는 찾았지만 IoU가 낮아 박스 정밀도 부족,4,5,0.5921,97.97,252.84,0.060475,156.06,250.07,1.5929,0.9890,0.3054,False,False,False,0.0892
construction_image659.jpg,Too_Wide_Box,예측 박스가 정답 박스보다 과도하게 큼,4,5,0.5921,97.97,252.84,0.060475,156.06,250.07,1.5929,0.9890,0.3054,False,False,False,0.0892
construction_image659.jpg,FN_person,정답 person이 있지만 예측 person이 매칭되지 않음,5,,0.3316,99.55,207.01,0.050312,,,,,,False,False,False,0.0856
construction_image659.jpg,FP_person,예측 person이 있지만 정답 person과 매칭되지 않음,,0,0.0000,,,,149.72,451.86,,,0.6542,,,,
construction_image659.jpg,FP_person,예측 person이 있지만 정답 person과 매칭되지 않음,,2,0.0000,,,,103.14,299.13,,,0.5418,,,,
construction_image659.jpg,FP_person,예측 person이 있지만 정답 person과 매칭되지 않음,,3,0.0000,,,,112.18,474.82,,,0.4622,,,,
construction_image665.jpg,FN_person,정답 person이 있지만 예측 person이 매칭되지 않음,0,,0.2466,61.63,83.75,0.012601,,,,,,True,False,False,0.0866
construction_image665.jpg,Localization_Error,객체는 찾았지만 IoU가 낮아 박스 정밀도 부족,1,0,0.5775,113.78,126.42,0.035117,104.43,179.53,0.9178,1.4201,0.4600,False,False,False,0.0866
construction_image665.jpg,Too_Wide_Box,예측 박스가 정답 박스보다 과도하게 큼,1,0,0.5775,113.78,126.42,0.035117,104.43,179.53,0.9178,1.4201,0.4600,False,False,False,0.0866
construction_image665.jpg,FP_person,예측 person이 있지만 정답 person과 매칭되지 않음,,1,0.0000,,,,78.70,437.91,,,0.3893,,,,
construction_image665.jpg,FP_person,예측 person이 있지만 정답 person과 매칭되지 않음,,2,0.0000,,,,88.84,120.20,,,0.2883,,,,
construction_image667.jpg,Localization_Error,객체는 찾았지만 IoU가 낮아 박스 정밀도 부족,0,0,0.7470,202.27,632.68,0.312432,163.96,583.08,0.8106,0.9216,0.6968,False,True,False,0.0000
construction_image667.jpg,Partial_or_Truncated_Candidate,person 박스가 이미지 경계에 가까워 상반신/부분 가림 사례일 가능성,0,0,0.7470,202.27,632.68,0.312432,163.96,583.08,0.8106,0.9216,0.6968,False,True,False,0.0000
construction_image671.jpeg,Partial_or_Truncated_Candidate,person 박스가 이미지 경계에 가까워 상반신/부분 가림 사례일 가능성,0,0,0.8560,458.27,581.53,0.650630,427.37,541.52,0.9326,0.9312,0.5604,False,True,False,0.0000
construction_image677.jpeg,Localization_Error,객체는 찾았지만 IoU가 낮아 박스 정밀도 부족,0,1,0.7328,297.09,358.72,0.260186,236.20,346.83,0.7950,0.9668,0.4376,False,False,False,0.0000
construction_image677.jpeg,Too_Narrow_Box,예측 박스가 정답 박스보다 과도하게 작음,0,1,0.7328,297.09,358.72,0.260186,236.20,346.83,0.7950,0.9668,0.4376,False,False,False,0.0000
construction_image677.jpeg,FP_person,예측 person이 있지만 정답 person과 매칭되지 않음,,0,0.0000,,,,214.30,445.75,,,0.7357,,,,
construction_image69.jpeg,Localization_Error,객체는 찾았지만 IoU가 낮아 박스 정밀도 부족,0,0,0.5846,349.60,274.96,0.234683,286.82,294.62,0.8204,1.0715,0.5702,False,True,False,0.0000
construction_image69.jpeg,Partial_or_Truncated_Candidate,person 박스가 이미지 경계에 가까워 상반신/부분 가림 사례일 가능성,0,0,0.5846,349.60,274.96,0.234683,286.82,294.62,0.8204,1.0715,0.5702,False,True,False,0.0000
construction_image69.jpeg,FP_person,예측 person이 있지만 정답 person과 매칭되지 않음,,1,0.0000,,,,123.94,136.58,,,0.2753,,,,
construction_image706.jpeg,Localization_Error,객체는 찾았지만 IoU가 낮아 박스 정밀도 부족,0,0,0.5984,271.80,390.37,0.259039,248.68,272.74,0.9149,0.6987,0.4459,False,False,False,0.0000
construction_image706.jpeg,Too_Narrow_Box,예측 박스가 정답 박스보다 과도하게 작음,0,0,0.5984,271.80,390.37,0.259039,248.68,272.74,0.9149,0.6987,0.4459,False,False,False,0.0000
construction_image707.jpg,FN_person,정답 person이 있지만 예측 person이 매칭되지 않음,0,,0.4657,56.89,230.71,0.032044,,,,,,False,False,False,0.0463
construction_image707.jpg,Localization_Error,객체는 찾았지만 IoU가 낮아 박스 정밀도 부족,1,1,0.6097,281.33,402.96,0.276769,277.97,271.76,0.9881,0.6744,0.4293,False,False,False,0.0344
construction_image707.jpg,Too_Narrow_Box,예측 박스가 정답 박스보다 과도하게 작음,1,1,0.6097,281.33,402.96,0.276769,277.97,271.76,0.9881,0.6744,0.4293,False,False,False,0.0344
construction_image707.jpg,FN_person,정답 person이 있지만 예측 person이 매칭되지 않음,2,,0.3792,67.95,175.41,0.029099,,,,,,False,False,False,0.0463
construction_image707.jpg,FP_person,예측 person이 있지만 정답 person과 매칭되지 않음,,0,0.0000,,,,114.84,204.36,,,0.4372,,,,
construction_image707.jpg,FP_person,예측 person이 있지만 정답 person과 매칭되지 않음,,2,0.0000,,,,38.98,170.39,,,0.2524,,,,
construction_image727.jpg,Localization_Error,객체는 찾았지만 IoU가 낮아 박스 정밀도 부족,0,0,0.5696,216.49,295.51,0.156189,191.13,376.64,0.8828,1.2746,0.7795,False,False,False,0.0414
construction_image727.jpg,Too_Wide_Box,예측 박스가 정답 박스보다 과도하게 큼,0,0,0.5696,216.49,295.51,0.156189,191.13,376.64,0.8828,1.2746,0.7795,False,False,False,0.0414
construction_image727.jpg,Localization_Error,객체는 찾았지만 IoU가 낮아 박스 정밀도 부족,1,1,0.7004,224.39,395.06,0.216424,199.84,310.70,0.8906,0.7865,0.5150,False,False,False,0.0414
construction_image727.jpg,Too_Narrow_Box,예측 박스가 정답 박스보다 과도하게 작음,1,1,0.7004,224.39,395.06,0.216424,199.84,310.70,0.8906,0.7865,0.5150,False,False,False,0.0414
construction_image734.jpeg,FP_person,예측 person이 있지만 정답 person과 매칭되지 않음,,0,0.0000,,,,373.16,318.25,,,0.2684,,,,
construction_image743.jpg,Localization_Error,객체는 찾았지만 IoU가 낮아 박스 정밀도 부족,0,0,0.7043,434.56,379.26,0.402371,423.34,340.06,0.9742,0.8966,0.7053,False,False,False,0.0000
construction_image746.jpg,Localization_Error,객체는 찾았지만 IoU가 낮아 박스 정밀도 부족,0,0,0.5992,596.54,535.23,0.779507,368.45,519.21,0.6176,0.9701,0.3253,False,True,False,0.0000
construction_image746.jpg,Too_Narrow_Box,예측 박스가 정답 박스보다 과도하게 작음,0,0,0.5992,596.54,535.23,0.779507,368.45,519.21,0.6176,0.9701,0.3253,False,True,False,0.0000
construction_image746.jpg,Partial_or_Truncated_Candidate,person 박스가 이미지 경계에 가까워 상반신/부분 가림 사례일 가능성,0,0,0.5992,596.54,535.23,0.779507,368.45,519.21,0.6176,0.9701,0.3253,False,True,False,0.0000
construction_image748.jpeg,Localization_Error,객체는 찾았지만 IoU가 낮아 박스 정밀도 부족,0,0,0.6156,285.76,338.44,0.236115,316.85,495.86,1.1088,1.4651,0.5914,False,False,False,0.0000
construction_image748.jpeg,Too_Wide_Box,예측 박스가 정답 박스보다 과도하게 큼,0,0,0.6156,285.76,338.44,0.236115,316.85,495.86,1.1088,1.4651,0.5914,False,False,False,0.0000
construction_image750.jpg,Localization_Error,객체는 찾았지만 IoU가 낮아 박스 정밀도 부족,0,0,0.5504,551.77,633.37,0.853210,348.02,562.93,0.6307,0.8888,0.6034,False,True,False,0.0000
construction_image750.jpg,Too_Narrow_Box,예측 박스가 정답 박스보다 과도하게 작음,0,0,0.5504,551.77,633.37,0.853210,348.02,562.93,0.6307,0.8888,0.6034,False,True,False,0.0000
construction_image750.jpg,Partial_or_Truncated_Candidate,person 박스가 이미지 경계에 가까워 상반신/부분 가림 사례일 가능성,0,0,0.5504,551.77,633.37,0.853210,348.02,562.93,0.6307,0.8888,0.6034,False,True,False,0.0000
construction_image753.jpg,FN_person,정답 person이 있지만 예측 person이 매칭되지 않음,0,,0.0000,487.25,603.13,0.717469,,,,,,False,True,False,0.0000
construction_image768.jpg,Localization_Error,객체는 찾았지만 IoU가 낮아 박스 정밀도 부족,0,0,0.7361,255.47,514.90,0.321146,226.85,510.15,0.8880,0.9908,0.7748,False,False,False,0.0000
construction_image780.jpg,FN_person,정답 person이 있지만 예측 person이 매칭되지 않음,0,,0.0000,258.11,100.08,0.063066,,,,,,False,False,False,0.0000
construction_image792.jpg,Partial_or_Truncated_Candidate,person 박스가 이미지 경계에 가까워 상반신/부분 가림 사례일 가능성,0,0,0.8285,347.65,570.21,0.483968,319.20,540.84,0.9182,0.9485,0.3412,False,True,False,0.0000
construction_image8.jpeg,Localization_Error,객체는 찾았지만 IoU가 낮아 박스 정밀도 부족,0,0,0.5393,106.67,312.10,0.081279,151.37,407.79,1.4191,1.3066,0.5701,False,False,False,0.0000
construction_image8.jpeg,Too_Wide_Box,예측 박스가 정답 박스보다 과도하게 큼,0,0,0.5393,106.67,312.10,0.081279,151.37,407.79,1.4191,1.3066,0.5701,False,False,False,0.0000
construction_image802.jpg,Partial_or_Truncated_Candidate,person 박스가 이미지 경계에 가까워 상반신/부분 가림 사례일 가능성,0,0,0.9197,384.00,627.31,0.588103,384.16,635.96,1.0004,1.0138,0.5994,False,True,False,0.0000
construction_image81.jpg,FP_person,예측 person이 있지만 정답 person과 매칭되지 않음,,0,0.0000,,,,186.65,611.96,,,0.8719,,,,
construction_image811.jpg,FP_person,예측 person이 있지만 정답 person과 매칭되지 않음,,0,0.0000,,,,174.73,550.41,,,0.4047,,,,
construction_image811.jpg,FP_person,예측 person이 있지만 정답 person과 매칭되지 않음,,1,0.0000,,,,183.32,525.00,,,0.3979,,,,
construction_image811.jpg,FP_person,예측 person이 있지만 정답 person과 매칭되지 않음,,2,0.0000,,,,149.29,598.41,,,0.3833,,,,
construction_image811.jpg,FP_person,예측 person이 있지만 정답 person과 매칭되지 않음,,3,0.0000,,,,163.35,455.18,,,0.3476,,,,
construction_image811.jpg,FP_person,예측 person이 있지만 정답 person과 매칭되지 않음,,4,0.0000,,,,229.31,579.66,,,0.3208,,,,
construction_image813.jpg,FP_person,예측 person이 있지만 정답 person과 매칭되지 않음,,0,0.0000,,,,435.29,599.57,,,0.4132,,,,
construction_image819.jpg,FP_person,예측 person이 있지만 정답 person과 매칭되지 않음,,0,0.0000,,,,203.74,515.39,,,0.5230,,,,
construction_image822.jpg,FP_person,예측 person이 있지만 정답 person과 매칭되지 않음,,0,0.0000,,,,314.86,609.12,,,0.8327,,,,
construction_image822.jpg,FP_person,예측 person이 있지만 정답 person과 매칭되지 않음,,1,0.0000,,,,265.37,490.25,,,0.3162,,,,
construction_image83.jpg,FP_person,예측 person이 있지만 정답 person과 매칭되지 않음,,0,0.0000,,,,186.52,573.96,,,0.8091,,,,
construction_image837.jpg,FP_person,예측 person이 있지만 정답 person과 매칭되지 않음,,0,0.0000,,,,308.43,573.10,,,0.5831,,,,
construction_image838.jpg,FP_person,예측 person이 있지만 정답 person과 매칭되지 않음,,0,0.0000,,,,326.53,592.68,,,0.6442,,,,
construction_image84.jpg,FP_person,예측 person이 있지만 정답 person과 매칭되지 않음,,0,0.0000,,,,273.81,458.36,,,0.7956,,,,
construction_image841.jpg,FP_person,예측 person이 있지만 정답 person과 매칭되지 않음,,0,0.0000,,,,353.43,508.77,,,0.3846,,,,
construction_image844.jpg,FP_person,예측 person이 있지만 정답 person과 매칭되지 않음,,0,0.0000,,,,429.21,601.05,,,0.5839,,,,
construction_image847.jpeg,FP_person,예측 person이 있지만 정답 person과 매칭되지 않음,,0,0.0000,,,,132.29,203.75,,,0.4511,,,,
construction_image847.jpeg,FP_person,예측 person이 있지만 정답 person과 매칭되지 않음,,1,0.0000,,,,274.32,232.23,,,0.4337,,,,
construction_image847.jpeg,FP_person,예측 person이 있지만 정답 person과 매칭되지 않음,,2,0.0000,,,,162.86,219.25,,,0.3852,,,,
construction_image848.jpg,FP_person,예측 person이 있지만 정답 person과 매칭되지 않음,,0,0.0000,,,,111.31,197.13,,,0.5583,,,,
construction_image848.jpg,FP_person,예측 person이 있지만 정답 person과 매칭되지 않음,,1,0.0000,,,,135.48,287.92,,,0.4863,,,,
construction_image848.jpg,FP_person,예측 person이 있지만 정답 person과 매칭되지 않음,,2,0.0000,,,,41.17,83.62,,,0.4797,,,,
construction_image848.jpg,FP_person,예측 person이 있지만 정답 person과 매칭되지 않음,,3,0.0000,,,,97.55,141.52,,,0.4337,,,,
construction_image848.jpg,FP_person,예측 person이 있지만 정답 person과 매칭되지 않음,,4,0.0000,,,,110.48,222.29,,,0.4181,,,,
construction_image848.jpg,FP_person,예측 person이 있지만 정답 person과 매칭되지 않음,,5,0.0000,,,,86.65,173.30,,,0.4026,,,,
construction_image848.jpg,FP_person,예측 person이 있지만 정답 person과 매칭되지 않음,,6,0.0000,,,,150.96,56.33,,,0.3808,,,,
construction_image848.jpg,FP_person,예측 person이 있지만 정답 person과 매칭되지 않음,,7,0.0000,,,,67.56,183.38,,,0.3355,,,,
construction_image848.jpg,FP_person,예측 person이 있지만 정답 person과 매칭되지 않음,,8,0.0000,,,,73.37,174.83,,,0.2834,,,,
construction_image848.jpg,FP_person,예측 person이 있지만 정답 person과 매칭되지 않음,,9,0.0000,,,,125.22,110.62,,,0.2700,,,,
construction_image90.jpg,FP_person,예측 person이 있지만 정답 person과 매칭되지 않음,,0,0.0000,,,,181.80,551.24,,,0.6810,,,,
construction_image914.jpeg,Localization_Error,객체는 찾았지만 IoU가 낮아 박스 정밀도 부족,0,1,0.7241,64.09,193.37,0.030257,85.01,201.32,1.3264,1.0411,0.5879,False,False,False,0.0516
construction_image914.jpeg,Too_Wide_Box,예측 박스가 정답 박스보다 과도하게 큼,0,1,0.7241,64.09,193.37,0.030257,85.01,201.32,1.3264,1.0411,0.5879,False,False,False,0.0516
construction_image914.jpeg,Localization_Error,객체는 찾았지만 IoU가 낮아 박스 정밀도 부족,1,0,0.6755,64.05,212.20,0.033182,84.82,183.56,1.3243,0.8650,0.6629,False,False,False,0.0516
construction_image914.jpeg,Too_Wide_Box,예측 박스가 정답 박스보다 과도하게 큼,1,0,0.6755,64.05,212.20,0.033182,84.82,183.56,1.3243,0.8650,0.6629,False,False,False,0.0516
construction_image914.jpeg,FP_person,예측 person이 있지만 정답 person과 매칭되지 않음,,2,0.0000,,,,82.90,145.05,,,0.4026,,,,
construction_image920.jpg,Localization_Error,객체는 찾았지만 IoU가 낮아 박스 정밀도 부족,0,2,0.5728,99.48,329.65,0.080062,133.42,279.73,1.3412,0.8486,0.6376,False,False,False,0.0503
construction_image920.jpg,Too_Wide_Box,예측 박스가 정답 박스보다 과도하게 큼,0,2,0.5728,99.48,329.65,0.080062,133.42,279.73,1.3412,0.8486,0.6376,False,False,False,0.0503
construction_image920.jpg,Localization_Error,객체는 찾았지만 IoU가 낮아 박스 정밀도 부족,3,5,0.7341,99.48,329.64,0.080060,124.04,347.65,1.2469,1.0546,0.5270,False,False,False,0.0571
construction_image920.jpg,FP_person,예측 person이 있지만 정답 person과 매칭되지 않음,,0,0.0000,,,,41.48,104.81,,,0.8944,,,,
construction_image920.jpg,FP_person,예측 person이 있지만 정답 person과 매칭되지 않음,,3,0.0000,,,,118.12,214.89,,,0.6236,,,,
construction_image920.jpg,FP_person,예측 person이 있지만 정답 person과 매칭되지 않음,,4,0.0000,,,,88.35,261.89,,,0.5345,,,,
construction_image920.jpg,FP_person,예측 person이 있지만 정답 person과 매칭되지 않음,,7,0.0000,,,,98.84,251.44,,,0.4367,,,,
construction_image920.jpg,FP_person,예측 person이 있지만 정답 person과 매칭되지 않음,,8,0.0000,,,,103.11,268.62,,,0.4179,,,,
construction_image920.jpg,FP_person,예측 person이 있지만 정답 person과 매칭되지 않음,,9,0.0000,,,,29.44,96.85,,,0.3598,,,,
construction_image920.jpg,FP_person,예측 person이 있지만 정답 person과 매칭되지 않음,,10,0.0000,,,,119.11,208.05,,,0.3175,,,,
construction_image920.jpg,FP_person,예측 person이 있지만 정답 person과 매칭되지 않음,,11,0.0000,,,,23.63,74.97,,,0.2687,,,,
construction_image939.jpeg,Localization_Error,객체는 찾았지만 IoU가 낮아 박스 정밀도 부족,0,1,0.7103,278.98,399.21,0.271903,327.39,478.92,1.1735,1.1997,0.4943,False,True,False,0.0000
construction_image939.jpeg,Partial_or_Truncated_Candidate,person 박스가 이미지 경계에 가까워 상반신/부분 가림 사례일 가능성,0,1,0.7103,278.98,399.21,0.271903,327.39,478.92,1.1735,1.1997,0.4943,False,True,False,0.0000
construction_image948.jpg,Too_Wide_Box,예측 박스가 정답 박스보다 과도하게 큼,0,0,0.7545,310.58,465.23,0.352761,296.57,594.64,0.9549,1.2782,0.6725,False,False,False,0.0000
construction_image949.jpg,Localization_Error,객체는 찾았지만 IoU가 낮아 박스 정밀도 부족,0,1,0.7216,302.92,465.22,0.344053,340.16,574.15,1.1229,1.2342,0.4819,False,False,False,0.0000
construction_image949.jpg,FP_person,예측 person이 있지만 정답 person과 매칭되지 않음,,0,0.0000,,,,247.21,604.62,,,0.7732,,,,
construction_image95.jpg,Localization_Error,객체는 찾았지만 IoU가 낮아 박스 정밀도 부족,0,0,0.7133,231.06,465.23,0.262441,294.25,512.18,1.2735,1.1009,0.9102,False,False,False,0.0000
construction_image95.jpg,Too_Wide_Box,예측 박스가 정답 박스보다 과도하게 큼,0,0,0.7133,231.06,465.23,0.262441,294.25,512.18,1.2735,1.1009,0.9102,False,False,False,0.0000
construction_image982.jpg,FN_person,정답 person이 있지만 예측 person이 매칭되지 않음,0,,0.3997,532.80,214.82,0.279434,,,,,,False,True,False,0.0000
construction_image982.jpg,FP_person,예측 person이 있지만 정답 person과 매칭되지 않음,,0,0.0000,,,,431.07,486.70,,,0.2547,,,,
construction_image998.jpg,Partial_or_Truncated_Candidate,person 박스가 이미지 경계에 가까워 상반신/부분 가림 사례일 가능성,0,0,0.9059,380.70,614.03,0.570706,353.01,599.86,0.9273,0.9769,0.8602,False,True,False,0.0000
construction_test_image1076.jpg,Localization_Error,객체는 찾았지만 IoU가 낮아 박스 정밀도 부족,0,0,0.7185,394.94,563.67,0.543496,290.90,582.91,0.7366,1.0341,0.8872,False,True,False,0.0000
construction_test_image1076.jpg,Too_Narrow_Box,예측 박스가 정답 박스보다 과도하게 작음,0,0,0.7185,394.94,563.67,0.543496,290.90,582.91,0.7366,1.0341,0.8872,False,True,False,0.0000
construction_test_image1076.jpg,Partial_or_Truncated_Candidate,person 박스가 이미지 경계에 가까워 상반신/부분 가림 사례일 가능성,0,0,0.7185,394.94,563.67,0.543496,290.90,582.91,0.7366,1.0341,0.8872,False,True,False,0.0000
construction_test_image1139.jpg,Localization_Error,객체는 찾았지만 IoU가 낮아 박스 정밀도 부족,0,0,0.5740,431.09,905.17,0.558741,663.76,939.66,1.5397,1.0381,0.4627,False,False,False,0.0000
construction_test_image1139.jpg,Too_Wide_Box,예측 박스가 정답 박스보다 과도하게 큼,0,0,0.5740,431.09,905.17,0.558741,663.76,939.66,1.5397,1.0381,0.4627,False,False,False,0.0000
construction_test_image122.jpeg,Partial_or_Truncated_Candidate,person 박스가 이미지 경계에 가까워 상반신/부분 가림 사례일 가능성,0,0,0.8147,330.95,502.72,0.406189,395.64,516.14,1.1955,1.0267,0.7990,False,True,False,0.0000
construction_test_image1231.jpg,Localization_Error,객체는 찾았지만 IoU가 낮아 박스 정밀도 부족,0,0,0.6419,447.94,494.30,0.288688,403.99,704.04,0.9019,1.4243,0.6654,False,True,False,0.0000
construction_test_image1231.jpg,Too_Wide_Box,예측 박스가 정답 박스보다 과도하게 큼,0,0,0.6419,447.94,494.30,0.288688,403.99,704.04,0.9019,1.4243,0.6654,False,True,False,0.0000
construction_test_image1231.jpg,Partial_or_Truncated_Candidate,person 박스가 이미지 경계에 가까워 상반신/부분 가림 사례일 가능성,0,0,0.6419,447.94,494.30,0.288688,403.99,704.04,0.9019,1.4243,0.6654,False,True,False,0.0000
construction_test_image1231.jpg,Localization_Error,객체는 찾았지만 IoU가 낮아 박스 정밀도 부족,1,1,0.7156,494.16,569.20,0.366737,557.70,661.90,1.1286,1.1628,0.6405,False,True,False,0.0000
construction_test_image1231.jpg,Partial_or_Truncated_Candidate,person 박스가 이미지 경계에 가까워 상반신/부분 가림 사례일 가능성,1,1,0.7156,494.16,569.20,0.366737,557.70,661.90,1.1286,1.1628,0.6405,False,True,False,0.0000
construction_test_image1293.jpg,Localization_Error,객체는 찾았지만 IoU가 낮아 박스 정밀도 부족,0,0,0.6220,811.12,439.27,0.509438,724.86,566.25,0.8937,1.2891,0.3116,False,True,False,0.0000
construction_test_image1293.jpg,Too_Wide_Box,예측 박스가 정답 박스보다 과도하게 큼,0,0,0.6220,811.12,439.27,0.509438,724.86,566.25,0.8937,1.2891,0.3116,False,True,False,0.0000
construction_test_image1293.jpg,Partial_or_Truncated_Candidate,person 박스가 이미지 경계에 가까워 상반신/부분 가림 사례일 가능성,0,0,0.6220,811.12,439.27,0.509438,724.86,566.25,0.8937,1.2891,0.3116,False,True,False,0.0000
construction_test_image1406.jpg,Localization_Error,객체는 찾았지만 IoU가 낮아 박스 정밀도 부족,0,0,0.6396,442.00,304.33,0.517154,322.73,361.66,0.7302,1.1884,0.8233,False,False,False,0.0000
construction_test_image1406.jpg,Too_Narrow_Box,예측 박스가 정답 박스보다 과도하게 작음,0,0,0.6396,442.00,304.33,0.517154,322.73,361.66,0.7302,1.1884,0.8233,False,False,False,0.0000
construction_test_image180.jpg,Partial_or_Truncated_Candidate,person 박스가 이미지 경계에 가까워 상반신/부분 가림 사례일 가능성,0,0,0.8692,497.30,623.05,0.756452,450.66,605.94,0.9062,0.9725,0.2776,False,True,True,0.9508
construction_test_image180.jpg,Crowded_or_Overlapped_Person,다른 person 박스와 겹침이 있어 작업자 겹침 사례일 가능성,0,0,0.8692,497.30,623.05,0.756452,450.66,605.94,0.9062,0.9725,0.2776,False,True,True,0.9508
construction_test_image180.jpg,FN_person,정답 person이 있지만 예측 person이 매칭되지 않음,1,,0.0000,509.16,640.00,0.795563,,,,,,False,True,True,0.9508
construction_test_image231.jpg,Localization_Error,객체는 찾았지만 IoU가 낮아 박스 정밀도 부족,0,0,0.6323,447.54,546.99,0.597656,397.53,389.36,0.8883,0.7118,0.3128,False,True,False,0.0000
construction_test_image231.jpg,Too_Narrow_Box,예측 박스가 정답 박스보다 과도하게 작음,0,0,0.6323,447.54,546.99,0.597656,397.53,389.36,0.8883,0.7118,0.3128,False,True,False,0.0000
construction_test_image231.jpg,Partial_or_Truncated_Candidate,person 박스가 이미지 경계에 가까워 상반신/부분 가림 사례일 가능성,0,0,0.6323,447.54,546.99,0.597656,397.53,389.36,0.8883,0.7118,0.3128,False,True,False,0.0000
construction_test_image401.jpg,Localization_Error,객체는 찾았지만 IoU가 낮아 박스 정밀도 부족,0,0,0.7444,304.62,475.15,0.353370,306.95,567.39,1.0077,1.1941,0.8610,False,False,False,0.0000
construction_test_image459.jpg,FN_person,정답 person이 있지만 예측 person이 매칭되지 않음,0,,0.0000,260.55,463.30,0.294709,,,,,,False,True,False,0.0000
construction_test_image484.jpg,Partial_or_Truncated_Candidate,person 박스가 이미지 경계에 가까워 상반신/부분 가림 사례일 가능성,0,0,0.8754,322.97,597.29,0.470964,360.81,610.72,1.1172,1.0225,0.3425,False,True,False,0.0000
construction_test_image536.jpg,Localization_Error,객체는 찾았지만 IoU가 낮아 박스 정밀도 부족,0,0,0.5400,121.90,376.07,0.111921,164.79,515.13,1.3519,1.3698,0.8260,False,False,True,0.7237
construction_test_image536.jpg,Too_Wide_Box,예측 박스가 정답 박스보다 과도하게 큼,0,0,0.5400,121.90,376.07,0.111921,164.79,515.13,1.3519,1.3698,0.8260,False,False,True,0.7237
construction_test_image536.jpg,Crowded_or_Overlapped_Person,다른 person 박스와 겹침이 있어 작업자 겹침 사례일 가능성,0,0,0.5400,121.90,376.07,0.111921,164.79,515.13,1.3519,1.3698,0.8260,False,False,True,0.7237
construction_test_image536.jpg,Localization_Error,객체는 찾았지만 IoU가 낮아 박스 정밀도 부족,1,1,0.5818,104.30,426.70,0.108655,145.77,496.10,1.3976,1.1626,0.8163,False,False,True,0.6792
construction_test_image536.jpg,Too_Wide_Box,예측 박스가 정답 박스보다 과도하게 큼,1,1,0.5818,104.30,426.70,0.108655,145.77,496.10,1.3976,1.1626,0.8163,False,False,True,0.6792
construction_test_image536.jpg,Crowded_or_Overlapped_Person,다른 person 박스와 겹침이 있어 작업자 겹침 사례일 가능성,1,1,0.5818,104.30,426.70,0.108655,145.77,496.10,1.3976,1.1626,0.8163,False,False,True,0.6792
construction_test_image536.jpg,Localization_Error,객체는 찾았지만 IoU가 낮아 박스 정밀도 부족,2,2,0.5800,90.03,349.21,0.076756,105.62,436.53,1.1732,1.2501,0.7301,False,False,False,0.0000
construction_test_image536.jpg,Too_Wide_Box,예측 박스가 정답 박스보다 과도하게 큼,2,2,0.5800,90.03,349.21,0.076756,105.62,436.53,1.1732,1.2501,0.7301,False,False,False,0.0000
construction_test_image536.jpg,Localization_Error,객체는 찾았지만 IoU가 낮아 박스 정밀도 부족,3,3,0.5435,74.25,312.87,0.056715,85.48,413.55,1.1513,1.3218,0.6219,False,False,True,0.6762
construction_test_image536.jpg,Too_Wide_Box,예측 박스가 정답 박스보다 과도하게 큼,3,3,0.5435,74.25,312.87,0.056715,85.48,413.55,1.1513,1.3218,0.6219,False,False,True,0.6762
construction_test_image536.jpg,Crowded_or_Overlapped_Person,다른 person 박스와 겹침이 있어 작업자 겹침 사례일 가능성,3,3,0.5435,74.25,312.87,0.056715,85.48,413.55,1.1513,1.3218,0.6219,False,False,True,0.6762
construction_test_image536.jpg,FN_person,정답 person이 있지만 예측 person이 매칭되지 않음,4,,0.0000,118.52,474.07,0.137175,,,,,,False,False,True,0.7237
construction_test_image536.jpg,FN_person,정답 person이 있지만 예측 person이 매칭되지 않음,5,,0.0320,93.49,484.61,0.110611,,,,,,False,False,True,0.6792
construction_test_image536.jpg,FN_person,정답 person이 있지만 예측 person이 매칭되지 않음,6,,0.4780,63.21,397.70,0.061374,,,,,,False,False,True,0.6762
construction_test_image536.jpg,FP_person,예측 person이 있지만 정답 person과 매칭되지 않음,,4,0.0000,,,,135.46,497.89,,,0.6136,,,,
construction_test_image536.jpg,FP_person,예측 person이 있지만 정답 person과 매칭되지 않음,,5,0.0000,,,,115.40,455.72,,,0.4999,,,,
construction_test_image536.jpg,FP_person,예측 person이 있지만 정답 person과 매칭되지 않음,,6,0.0000,,,,92.96,387.77,,,0.4841,,,,
construction_test_image536.jpg,FP_person,예측 person이 있지만 정답 person과 매칭되지 않음,,7,0.0000,,,,112.29,519.64,,,0.4499,,,,
construction_test_image536.jpg,FP_person,예측 person이 있지만 정답 person과 매칭되지 않음,,8,0.0000,,,,208.59,539.65,,,0.3385,,,,
construction_test_image536.jpg,FP_person,예측 person이 있지만 정답 person과 매칭되지 않음,,9,0.0000,,,,91.24,473.78,,,0.3363,,,,
construction_test_image536.jpg,FP_person,예측 person이 있지만 정답 person과 매칭되지 않음,,10,0.0000,,,,60.81,483.55,,,0.2835,,,,
construction_test_image536.jpg,FP_person,예측 person이 있지만 정답 person과 매칭되지 않음,,11,0.0000,,,,88.18,311.28,,,0.2743,,,,
construction_test_image548.jpg,Partial_or_Truncated_Candidate,person 박스가 이미지 경계에 가까워 상반신/부분 가림 사례일 가능성,0,0,0.9007,175.41,344.49,0.147527,173.47,373.12,0.9890,1.0831,0.7887,False,True,True,0.2399
construction_test_image548.jpg,Crowded_or_Overlapped_Person,다른 person 박스와 겹침이 있어 작업자 겹침 사례일 가능성,0,0,0.9007,175.41,344.49,0.147527,173.47,373.12,0.9890,1.0831,0.7887,False,True,True,0.2399
construction_test_image548.jpg,FN_person,정답 person이 있지만 예측 person이 매칭되지 않음,1,,0.3604,262.32,357.14,0.228723,,,,,,False,False,True,0.2399
construction_test_image548.jpg,Localization_Error,객체는 찾았지만 IoU가 낮아 박스 정밀도 부족,2,1,0.6255,161.19,344.49,0.135567,240.61,366.76,1.4927,1.0646,0.7619,False,False,True,0.2398
construction_test_image548.jpg,Too_Wide_Box,예측 박스가 정답 박스보다 과도하게 큼,2,1,0.6255,161.19,344.49,0.135567,240.61,366.76,1.4927,1.0646,0.7619,False,False,True,0.2398
construction_test_image548.jpg,Crowded_or_Overlapped_Person,다른 person 박스와 겹침이 있어 작업자 겹침 사례일 가능성,2,1,0.6255,161.19,344.49,0.135567,240.61,366.76,1.4927,1.0646,0.7619,False,False,True,0.2398
construction_test_image612.jpg,Partial_or_Truncated_Candidate,person 박스가 이미지 경계에 가까워 상반신/부분 가림 사례일 가능성,2,3,0.8220,124.84,592.96,0.180725,149.13,603.87,1.1946,1.0184,0.6881,False,True,False,0.0000
construction_test_image612.jpg,Too_Wide_Box,예측 박스가 정답 박스보다 과도하게 큼,3,0,0.7532,116.93,504.46,0.144010,152.51,513.52,1.3043,1.0180,0.8240,False,True,False,0.0404
construction_test_image612.jpg,Partial_or_Truncated_Candidate,person 박스가 이미지 경계에 가까워 상반신/부분 가림 사례일 가능성,3,0,0.7532,116.93,504.46,0.144010,152.51,513.52,1.3043,1.0180,0.8240,False,True,False,0.0404
construction_test_image612.jpg,FP_person,예측 person이 있지만 정답 person과 매칭되지 않음,,4,0.0000,,,,103.49,459.40,,,0.5827,,,,
construction_test_image612.jpg,FP_person,예측 person이 있지만 정답 person과 매칭되지 않음,,5,0.0000,,,,119.72,612.98,,,0.4126,,,,
construction_test_image612.jpg,FP_person,예측 person이 있지만 정답 person과 매칭되지 않음,,6,0.0000,,,,110.46,495.86,,,0.2627,,,,
construction_test_image63.jpg,Localization_Error,객체는 찾았지만 IoU가 낮아 박스 정밀도 부족,0,0,0.6964,199.11,584.69,0.284222,187.43,580.84,0.9413,0.9934,0.8314,False,True,False,0.0000
construction_test_image63.jpg,Partial_or_Truncated_Candidate,person 박스가 이미지 경계에 가까워 상반신/부분 가림 사례일 가능성,0,0,0.6964,199.11,584.69,0.284222,187.43,580.84,0.9413,0.9934,0.8314,False,True,False,0.0000
construction_test_image696.jpg,Too_Wide_Box,예측 박스가 정답 박스보다 과도하게 큼,0,0,0.7710,135.90,619.46,0.205529,170.15,629.67,1.2520,1.0165,0.7694,False,True,False,0.0000
construction_test_image696.jpg,Partial_or_Truncated_Candidate,person 박스가 이미지 경계에 가까워 상반신/부분 가림 사례일 가능성,0,0,0.7710,135.90,619.46,0.205529,170.15,629.67,1.2520,1.0165,0.7694,False,True,False,0.0000
construction_test_image696.jpg,Partial_or_Truncated_Candidate,person 박스가 이미지 경계에 가까워 상반신/부분 가림 사례일 가능성,1,1,0.8429,169.08,636.26,0.262643,147.85,624.77,0.8744,0.9819,0.3840,False,True,False,0.0000
construction_test_image796.jpg,Partial_or_Truncated_Candidate,person 박스가 이미지 경계에 가까워 상반신/부분 가림 사례일 가능성,0,1,0.8444,72.38,309.47,0.054686,76.04,337.12,1.0506,1.0893,0.6669,False,True,False,0.0000
construction_test_image796.jpg,Localization_Error,객체는 찾았지만 IoU가 낮아 박스 정밀도 부족,1,0,0.6557,107.99,322.63,0.085060,130.76,253.76,1.2108,0.7865,0.6673,False,False,False,0.0000
construction_test_image796.jpg,Too_Narrow_Box,예측 박스가 정답 박스보다 과도하게 작음,1,0,0.6557,107.99,322.63,0.085060,130.76,253.76,1.2108,0.7865,0.6673,False,False,False,0.0000
construction_test_image796.jpg,Localization_Error,객체는 찾았지만 IoU가 낮아 박스 정밀도 부족,2,2,0.5626,98.76,297.62,0.071760,156.82,318.40,1.5879,1.0698,0.6456,False,False,False,0.0000
construction_test_image796.jpg,Too_Wide_Box,예측 박스가 정답 박스보다 과도하게 큼,2,2,0.5626,98.76,297.62,0.071760,156.82,318.40,1.5879,1.0698,0.6456,False,False,False,0.0000
construction_test_image796.jpg,Localization_Error,객체는 찾았지만 IoU가 낮아 박스 정밀도 부족,3,6,0.6148,115.89,293.66,0.083087,171.58,315.66,1.4806,1.0749,0.4468,False,False,False,0.0589
construction_test_image796.jpg,Too_Wide_Box,예측 박스가 정답 박스보다 과도하게 큼,3,6,0.6148,115.89,293.66,0.083087,171.58,315.66,1.4806,1.0749,0.4468,False,False,False,0.0589
construction_test_image796.jpg,Localization_Error,객체는 찾았지만 IoU가 낮아 박스 정밀도 부족,4,7,0.6753,81.65,273.91,0.054601,89.40,231.08,1.0949,0.8436,0.2887,False,False,False,0.0589
construction_test_image796.jpg,Too_Wide_Box,예측 박스가 정답 박스보다 과도하게 큼,5,3,0.7686,63.21,235.72,0.036377,81.30,235.81,1.2862,1.0004,0.6239,False,False,False,0.0465
construction_test_image796.jpg,FP_person,예측 person이 있지만 정답 person과 매칭되지 않음,,4,0.0000,,,,137.92,234.80,,,0.5341,,,,
construction_test_image796.jpg,FP_person,예측 person이 있지만 정답 person과 매칭되지 않음,,5,0.0000,,,,111.93,242.77,,,0.5006,,,,
construction_test_image796.jpg,FP_person,예측 person이 있지만 정답 person과 매칭되지 않음,,8,0.0000,,,,97.55,228.01,,,0.2650,,,,
construction_test_image825.jpg,FP_person,예측 person이 있지만 정답 person과 매칭되지 않음,,0,0.0000,,,,368.11,611.99,,,0.4554,,,,
